composition,yield strength,Fe,C,Mn,Si,Cr,Ni,Mo,V,Nb,Co,Al,Ti,N,W
Fe0.768C0.000931Mn0.00244Si0.00199Cr0.110Ni0.0981Mo0.0113V0.000110Nb0.0000602Co0.0000948Al0.00497Ti0.00269,1167.2,0.768,0.000931,0.00244,0.00199,0.11,0.0981,0.0113,0.00011,6.02E-05,9.48E-05,0.00497,0.00269,0,0
Fe0.648C0.00751Mn0.000103Si0.000201Cr0.158Ni0.0000961Mo0.0288V0.00531N0.00201Nb0.0000607Co0.149Al0.000836,1502,0.648,0.00751,0.000103,0.000201,0.158,9.61E-05,0.0288,0.00531,6.07E-05,0.149,0.000836,0,0.00201,0
Fe0.677C0.00916Mn0.000100Si0.0294Cr0.134Ni0.00881Mo0.0113V0.000108Nb0.000474Co0.129Al0.000611,1382.2,0.677,0.00916,0.0001,0.0294,0.134,0.00881,0.0113,0.000108,0.000474,0.129,0.000611,0,0,0
Fe0.679C0.00705Mn0.000103Si0.000201Cr0.153Ni0.00135Mo0.0282V0.00233Nb0.0000608Co0.128Al0.000628,1341.7,0.679,0.00705,0.000103,0.000201,0.153,0.00135,0.0282,0.00233,6.08E-05,0.128,0.000628,0,0,0
Fe0.664C0.00926Mn0.000101Si0.0101Cr0.134Ni0.00900Mo0.0114V0.000109Nb0.000479Co0.161Al0.000618,1322.1,0.664,0.00926,0.000101,0.0101,0.134,0.009,0.0114,0.000109,0.000479,0.161,0.000618,0,0,0
Fe0.681C0.000478Mn0.000104Si0.000204Cr0.000110Ni0.181Mo0.0293V0.00439Nb0.0000618Co0.0847Al0.0108Ti0.00779,1164.4,0.681,0.000478,0.000104,0.000204,0.00011,0.181,0.0293,0.00439,6.18E-05,0.0847,0.0108,0.00779,0,0
Fe0.692C0.00837Mn0.00112Si0.00179Cr0.000107Ni0.169Mo0.000116V0.0474Nb0.0000601Co0.0764Al0.00228Ti0.000933,1605.4,0.692,0.00837,0.00112,0.00179,0.000107,0.169,0.000116,0.0474,6.01E-05,0.0764,0.00228,0.000933,0,0
Fe0.751C0.00138Mn0.000101Si0.000197Cr0.134Ni0.0782Mo0.0128V0.000109N0.000395Nb0.0000596Co0.0000939Al0.0215Ti0.000116,1306.9,0.751,0.00138,0.000101,0.000197,0.134,0.0782,0.0128,0.000109,5.96E-05,9.39E-05,0.0215,0.000116,0.000395,0
Fe0.787C0.0137Mn0.000103Si0.000202Cr0.0111Ni0.101Mo0.0118V0.00111Nb0.0000610Co0.0689W0.00394Al0.000630Ti0.000118,1683,0.787,0.0137,0.000103,0.000202,0.0111,0.101,0.0118,0.00111,6.10E-05,0.0689,0.00063,0.000118,0,0.00394
Fe0.672C0.00473Mn0.00527Si0.00647Cr0.131Ni0.0000968Mo0.0373V0.000111N0.00162Nb0.0000611Co0.141Al0.000631,1155,0.672,0.00473,0.00527,0.00647,0.131,9.68E-05,0.0373,0.000111,6.11E-05,0.141,0.000631,0,0.00162,0
Fe0.685C0.00877Mn0.000101Si0.00967Cr0.134Ni0.00907Mo0.00855V0.00359Nb0.0000597Co0.141Al0.000617,1218.4,0.685,0.00877,0.000101,0.00967,0.134,0.00907,0.00855,0.00359,5.97E-05,0.141,0.000617,0,0,0
Fe0.732C0.00480Mn0.00556Si0.00533Cr0.136Ni0.0000981Mo0.000120V0.000113N0.00123Nb0.0000620Co0.0953W0.0188Al0.000640,1232,0.732,0.0048,0.00556,0.00533,0.136,9.81E-05,0.00012,0.000113,6.20E-05,0.0953,0.00064,0,0.00123,0.0188
Fe0.741C0.00702Mn0.00164Si0.00100Cr0.0321Ni0.0964Mo0.00586V0.000110Nb0.0000605Co0.115Al0.000208,1455.4,0.741,0.00702,0.00164,0.001,0.0321,0.0964,0.00586,0.00011,6.05E-05,0.115,0.000208,0,0,0
Fe0.700C0.00927Mn0.000101Si0.00594Cr0.133Ni0.00901Mo0.0114V0.000109Nb0.000479Co0.130Al0.000619,1299.8,0.7,0.00927,0.000101,0.00594,0.133,0.00901,0.0114,0.000109,0.000479,0.13,0.000619,0,0,0
Fe0.737C0.0111Mn0.000101Si0.000198Cr0.0964Ni0.0266Mo0.00755V0.00317Nb0.0000599Co0.117Al0.000619Ti0.000233,1564,0.737,0.0111,0.000101,0.000198,0.0964,0.0266,0.00755,0.00317,5.99E-05,0.117,0.000619,0.000233,0,0
Fe0.806C0.000468Mn0.0176Si0.000401Cr0.000108Ni0.174Mo0.000117V0.000110Nb0.0000606Co0.0000955Al0.00104Ti0.000705,1136.9,0.806,0.000468,0.0176,0.000401,0.000108,0.174,0.000117,0.00011,6.06E-05,9.55E-05,0.00104,0.000705,0,0
Fe0.636C0.00881Mn0.000203Si0.00972Cr0.135Ni0.00892Mo0.0114V0.000109Nb0.0000600Co0.190Al0.000620,1328.3,0.636,0.00881,0.000203,0.00972,0.135,0.00892,0.0114,0.000109,6.00E-05,0.19,0.00062,0,0,0
Fe0.770C0.000930Mn0.00488Si0.00199Cr0.107Ni0.0952Mo0.0112V0.000110Nb0.0000601Co0.0000948Al0.00600Ti0.00245,1188.6,0.77,0.00093,0.00488,0.00199,0.107,0.0952,0.0112,0.00011,6.01E-05,9.48E-05,0.006,0.00245,0,0
Fe0.733C0.00750Mn0.00164Si0.00100Cr0.0213Ni0.0964Mo0.00587V0.000111Nb0.0000606Co0.133Al0.000209,1592.9,0.733,0.0075,0.00164,0.001,0.0213,0.0964,0.00587,0.000111,6.06E-05,0.133,0.000209,0,0,0
Fe0.810C0.000940Mn0.000103Si0.000201Cr0.000109Ni0.151Mo0.0118V0.000111Nb0.0000608Co0.0000958Al0.00209Ti0.0234,1723.2,0.81,0.00094,0.000103,0.000201,0.000109,0.151,0.0118,0.000111,6.08E-05,9.58E-05,0.00209,0.0234,0,0
Fe0.684C0.00795Mn0.000102Si0.000200Cr0.156Ni0.0000957Mo0.0306V0.00452N0.00481Nb0.0000604Co0.109Al0.00271,1536.5,0.684,0.00795,0.000102,0.0002,0.156,9.57E-05,0.0306,0.00452,6.04E-05,0.109,0.00271,0,0.00481,0
Fe0.825C0.0174Mn0.00175Si0.000201Cr0.0565Ni0.0000963Mo0.0344V0.0116Nb0.00554Co0.0468Al0.000628,1860.3,0.825,0.0174,0.00175,0.000201,0.0565,9.63E-05,0.0344,0.0116,0.00554,0.0468,0.000628,0,0,0
Fe0.766C0.000468Mn0.000819Si0.00100Cr0.102Ni0.103Mo0.0188V0.000110Nb0.0000606Co0.0000955Al0.00563Ti0.00259,1267.8,0.766,0.000468,0.000819,0.001,0.102,0.103,0.0188,0.00011,6.06E-05,9.55E-05,0.00563,0.00259,0,0
Fe0.778Mn0.00122Si0.00159Cr0.112Ni0.0876Mo0.0115V0.000110Nb0.0000602Co0.0000949Al0.00539Ti0.00245,1207.8,0.778,0,0.00122,0.00159,0.112,0.0876,0.0115,0.00011,6.02E-05,9.49E-05,0.00539,0.00245,0,0
Fe0.685C0.0101Mn0.000101Si0.0199Cr0.134Ni0.00884Mo0.0114V0.000108Nb0.000475Co0.129Al0.000614,1383.7,0.685,0.0101,0.000101,0.0199,0.134,0.00884,0.0114,0.000108,0.000475,0.129,0.000614,0,0,0
Fe0.717C0.000960Mn0.000105Si0.000205Cr0.000111Ni0.178Mo0.0288V0.000113Nb0.00186Co0.0665Al0.00192Ti0.00494,1005.9,0.717,0.00096,0.000105,0.000205,0.000111,0.178,0.0288,0.000113,0.00186,0.0665,0.00192,0.00494,0,0
Fe0.720C0.00407Mn0.0277Si0.00619Cr0.183Ni0.0411Mo0.000113V0.000107Nb0.0000585Co0.0000923Al0.0181,1236.6,0.72,0.00407,0.0277,0.00619,0.183,0.0411,0.000113,0.000107,5.85E-05,9.23E-05,0.0181,0,0,0
Fe0.668C0.000469Mn0.000102Si0.000200Cr0.119Ni0.0764Mo0.0293V0.000110Nb0.0000606Co0.0817Al0.0252Ti0.000118,1825.8,0.668,0.000469,0.000102,0.0002,0.119,0.0764,0.0293,0.00011,6.06E-05,0.0817,0.0252,0.000118,0,0
Fe0.801C0.000469Mn0.00103Si0.00361Cr0.0528Ni0.116Mo0.0175V0.000111Nb0.0000607Co0.0000957Al0.00522Ti0.00177,1230.6,0.801,0.000469,0.00103,0.00361,0.0528,0.116,0.0175,0.000111,6.07E-05,9.57E-05,0.00522,0.00177,0,0
Fe0.805C0.000470Mn0.000719Si0.000804Cr0.0496Ni0.116Mo0.0184V0.000111Nb0.0000608Co0.0000958Al0.00711Ti0.00212,1254,0.805,0.00047,0.000719,0.000804,0.0496,0.116,0.0184,0.000111,6.08E-05,9.58E-05,0.00711,0.00212,0,0
Fe0.777C0.00140Mn0.000102Si0.000199Cr0.122Ni0.0824Mo0.000117V0.000110Nb0.0000603Co0.0000950W0.00561Al0.00810Ti0.00316,1194,0.777,0.0014,0.000102,0.000199,0.122,0.0824,0.000117,0.00011,6.03E-05,9.50E-05,0.0081,0.00316,0,0.00561
Fe0.634C0.000478Mn0.000523Si0.00102Cr0.000111Ni0.173Mo0.0237V0.000113Nb0.0000619Co0.146Al0.00277Ti0.0176,2487.3,0.634,0.000478,0.000523,0.00102,0.000111,0.173,0.0237,0.000113,6.19E-05,0.146,0.00277,0.0176,0,0
Fe0.686C0.000910Mn0.0000995Si0.0354Cr0.146Ni0.0475Mo0.000114V0.000107Nb0.0000588Co0.0825Al0.000405Ti0.000457,1226.4,0.686,0.00091,9.95E-05,0.0354,0.146,0.0475,0.000114,0.000107,5.88E-05,0.0825,0.000405,0.000457,0,0
Fe0.803C0.0168Mn0.00215Si0.000200Cr0.0834Ni0.0000957Mo0.0334V0.0127Nb0.0000605Co0.0470Al0.000625,1819,0.803,0.0168,0.00215,0.0002,0.0834,9.57E-05,0.0334,0.0127,6.05E-05,0.047,0.000625,0,0,0
Fe0.781C0.00141Mn0.000103Si0.000201Cr0.000109Ni0.167Mo0.000118V0.0200Nb0.0152Co0.0000960Al0.00210Ti0.0126,1730.2,0.781,0.00141,0.000103,0.000201,0.000109,0.167,0.000118,0.02,0.0152,9.60E-05,0.0021,0.0126,0,0
Fe0.753C0.00929Mn0.000102Si0.000199Cr0.0880Ni0.0200Mo0.00756V0.00318Nb0.0000600Co0.117Al0.000620Ti0.000233,1357.3,0.753,0.00929,0.000102,0.000199,0.088,0.02,0.00756,0.00318,6.00E-05,0.117,0.00062,0.000233,0,0
Fe0.671C0.00925Mn0.00516Si0.0103Cr0.135Ni0.00965Mo0.0115V0.000109Nb0.0000598Co0.147Al0.000618,1245.4,0.671,0.00925,0.00516,0.0103,0.135,0.00965,0.0115,0.000109,5.98E-05,0.147,0.000618,0,0,0
Fe0.659C0.00747Mn0.000102Si0.0134Cr0.156Ni0.0000955Mo0.0297V0.00451N0.000800Nb0.0000603Co0.128Al0.000831,1412.5,0.659,0.00747,0.000102,0.0134,0.156,9.55E-05,0.0297,0.00451,6.03E-05,0.128,0.000831,0,0.0008,0
Fe0.737C0.00836Mn0.000102Si0.000199Cr0.0977Ni0.0266Mo0.00756V0.00318Nb0.0000601Co0.118Al0.000621Ti0.000350,1426.2,0.737,0.00836,0.000102,0.000199,0.0977,0.0266,0.00756,0.00318,6.01E-05,0.118,0.000621,0.00035,0,0
Fe0.719C0.000945Mn0.000103Si0.000202Cr0.0557Ni0.108Mo0.0302V0.000111Nb0.0000611Co0.0597Al0.0149Ti0.0111,1071.4,0.719,0.000945,0.000103,0.000202,0.0557,0.108,0.0302,0.000111,6.11E-05,0.0597,0.0149,0.0111,0,0
Fe0.671C0.000470Mn0.000514Si0.00100Cr0.000109Ni0.141Mo0.00882V0.000111Nb0.0000607Co0.147Al0.0159Ti0.0137,2157.3,0.671,0.00047,0.000514,0.001,0.000109,0.141,0.00882,0.000111,6.07E-05,0.147,0.0159,0.0137,0,0
Fe0.664C0.00754Mn0.000103Si0.000604Cr0.152Ni0.0105Mo0.0292V0.000111Nb0.00164Co0.134Al0.000629,1169.4,0.664,0.00754,0.000103,0.000604,0.152,0.0105,0.0292,0.000111,0.00164,0.134,0.000629,0,0,0
Fe0.750C0.00138Mn0.000101Si0.000197Cr0.133Ni0.0789Mo0.0128V0.000109Nb0.0000596Co0.0000940Al0.0218Ti0.00104,1350.3,0.75,0.00138,0.000101,0.000197,0.133,0.0789,0.0128,0.000109,5.96E-05,9.40E-05,0.0218,0.00104,0,0
Fe0.707C0.000959Mn0.000105Si0.000205Cr0.000111Ni0.183Mo0.0306V0.000113Nb0.0000620Co0.0675Al0.00256Ti0.00770,1026.6,0.707,0.000959,0.000105,0.000205,0.000111,0.183,0.0306,0.000113,6.20E-05,0.0675,0.00256,0.0077,0,0
Fe0.760C0.000454Mn0.000992Si0.0640Cr0.000105Ni0.172Mo0.000114V0.000107Nb0.0000587Co0.0000925Al0.00101Ti0.00125,1474.4,0.76,0.000454,0.000992,0.064,0.000105,0.172,0.000114,0.000107,5.87E-05,9.25E-05,0.00101,0.00125,0,0
Fe0.788Mn0.000104Si0.000203Cr0.000109Ni0.176Mo0.0184V0.000112Nb0.0000613Co0.0000966Al0.00105Ti0.0166,1716.3,0.788,0,0.000104,0.000203,0.000109,0.176,0.0184,0.000112,6.13E-05,9.66E-05,0.00105,0.0166,0,0
Fe0.783C0.0187Mn0.00184Si0.000200Cr0.104Ni0.0000955Mo0.0341V0.0106Nb0.0000603Co0.0463Al0.000623,1798.3,0.783,0.0187,0.00184,0.0002,0.104,9.55E-05,0.0341,0.0106,6.03E-05,0.0463,0.000623,0,0,0
Fe0.646C0.00479Mn0.00597Si0.00492Cr0.135Ni0.0000980Mo0.0534V0.000113N0.000821Nb0.0000619Co0.148Al0.000640,1228.9,0.646,0.00479,0.00597,0.00492,0.135,9.80E-05,0.0534,0.000113,6.19E-05,0.148,0.00064,0,0.000821,0
Fe0.803Mn0.000512Si0.00120Cr0.0520Ni0.110Mo0.0173V0.000110Nb0.0000605Co0.0000954Al0.0137Ti0.00235,1451.7,0.803,0,0.000512,0.0012,0.052,0.11,0.0173,0.00011,6.05E-05,9.54E-05,0.0137,0.00235,0,0
Fe0.685C0.0112Mn0.000102Si0.000199Cr0.0957Ni0.0705Mo0.00991V0.00307Nb0.0000602Co0.123Al0.000622Ti0.000351,1550.3,0.685,0.0112,0.000102,0.000199,0.0957,0.0705,0.00991,0.00307,6.02E-05,0.123,0.000622,0.000351,0,0
Fe0.703C0.00883Mn0.000102Si0.000199Cr0.135Ni0.00942Mo0.0115V0.000110Nb0.000421Co0.131Al0.000621,1371.4,0.703,0.00883,0.000102,0.000199,0.135,0.00942,0.0115,0.00011,0.000421,0.131,0.000621,0,0,0
Fe0.778C0.000465Mn0.000813Si0.00238Cr0.0966Ni0.0808Mo0.0189V0.000110Nb0.0000601Co0.0000947Al0.0186Ti0.00268,1462.7,0.778,0.000465,0.000813,0.00238,0.0966,0.0808,0.0189,0.00011,6.01E-05,9.47E-05,0.0186,0.00268,0,0
Fe0.697C0.00972Mn0.000101Si0.00732Cr0.135Ni0.00909Mo0.0115V0.000109Nb0.000479Co0.130Al0.000618,1332.7,0.697,0.00972,0.000101,0.00732,0.135,0.00909,0.0115,0.000109,0.000479,0.13,0.000618,0,0,0
Fe0.687C0.00974Mn0.000101Si0.000198Cr0.151Ni0.00883Mo0.0116V0.000109Nb0.000480Co0.131Al0.000620,1372.9,0.687,0.00974,0.000101,0.000198,0.151,0.00883,0.0116,0.000109,0.00048,0.131,0.00062,0,0,0
Fe0.707C0.0112Mn0.000102Si0.000199Cr0.0956Ni0.0485Mo0.00990V0.00318Nb0.0000601Co0.123Al0.000621Ti0.000350,1429.7,0.707,0.0112,0.000102,0.000199,0.0956,0.0485,0.0099,0.00318,6.01E-05,0.123,0.000621,0.00035,0,0
Fe0.723C0.00320Mn0.00600Si0.00587Cr0.158Ni0.0655Mo0.0129V0.000108Nb0.0000591Co0.0000932Al0.0244,1463,0.723,0.0032,0.006,0.00587,0.158,0.0655,0.0129,0.000108,5.91E-05,9.32E-05,0.0244,0,0,0
Fe0.751C0.00138Mn0.000101Si0.000197Cr0.133Ni0.0784Mo0.0128V0.000109N0.000395Nb0.0000596Co0.0000939Al0.0217Ti0.00104,1357.9,0.751,0.00138,0.000101,0.000197,0.133,0.0784,0.0128,0.000109,5.96E-05,9.39E-05,0.0217,0.00104,0.000395,0
Fe0.763C0.00479Mn0.00524Si0.00615Cr0.133Ni0.0196Mo0.000120V0.000113Nb0.0000619Co0.0488W0.0188Al0.000640,1235.9,0.763,0.00479,0.00524,0.00615,0.133,0.0196,0.00012,0.000113,6.19E-05,0.0488,0.00064,0,0,0.0188
Fe0.753C0.00138Mn0.000101Si0.000197Cr0.133Ni0.0784Mo0.0127V0.000109Nb0.0000596Co0.0000940Al0.0211Ti0.000231,1276.5,0.753,0.00138,0.000101,0.000197,0.133,0.0784,0.0127,0.000109,5.96E-05,9.40E-05,0.0211,0.000231,0,0
Fe0.762C0.000930Mn0.00752Si0.00199Cr0.110Ni0.0971Mo0.0115V0.000110Nb0.0000601Co0.0000948Al0.00621Ti0.00257,1145.8,0.762,0.00093,0.00752,0.00199,0.11,0.0971,0.0115,0.00011,6.01E-05,9.48E-05,0.00621,0.00257,0,0
Fe0.768C0.000466Mn0.000306Si0.000598Cr0.110Ni0.100Mo0.0128V0.000110Nb0.0000603Co0.0000951Al0.00478Ti0.00281,1340.8,0.768,0.000466,0.000306,0.000598,0.11,0.1,0.0128,0.00011,6.03E-05,9.51E-05,0.00478,0.00281,0,0
Fe0.701C0.00750Mn0.000102Si0.000200Cr0.154Ni0.0000959Mo0.0289V0.00508N0.00121Nb0.0000606Co0.101Al0.000835,1405.6,0.701,0.0075,0.000102,0.0002,0.154,9.59E-05,0.0289,0.00508,6.06E-05,0.101,0.000835,0,0.00121,0
Fe0.703C0.000908Mn0.0000992Si0.0375Cr0.146Ni0.0557Mo0.000114V0.000107Nb0.0000587Co0.0555Al0.000606Ti0.000569,1130,0.703,0.000908,9.92E-05,0.0375,0.146,0.0557,0.000114,0.000107,5.87E-05,0.0555,0.000606,0.000569,0,0
Fe0.702C0.00930Mn0.000102Si0.000199Cr0.133Ni0.0115Mo0.0117V0.000110Nb0.000481Co0.131Al0.000621,1423.8,0.702,0.0093,0.000102,0.000199,0.133,0.0115,0.0117,0.00011,0.000481,0.131,0.000621,0,0,0
Fe0.759C0.000472Mn0.000103Si0.000202Cr0.000109Ni0.203Mo0.0124V0.000111Nb0.0000610Co0.0000961Al0.00273Ti0.0225,1661.2,0.759,0.000472,0.000103,0.000202,0.000109,0.203,0.0124,0.000111,6.10E-05,9.61E-05,0.00273,0.0225,0,0
Fe0.718C0.00317Mn0.00594Si0.00581Cr0.178Ni0.0648Mo0.000113V0.000107Nb0.0000585Co0.0000922Al0.0242,1362.9,0.718,0.00317,0.00594,0.00581,0.178,0.0648,0.000113,0.000107,5.85E-05,9.22E-05,0.0242,0,0,0
Fe0.757C0.000465Mn0.000712Si0.00219Cr0.121Ni0.0981Mo0.0119V0.000110Nb0.0000602Co0.0000948Al0.00497Ti0.00269,1157.5,0.757,0.000465,0.000712,0.00219,0.121,0.0981,0.0119,0.00011,6.02E-05,9.48E-05,0.00497,0.00269,0,0
Fe0.685C0.0116Mn0.000101Si0.000198Cr0.151Ni0.00882Mo0.0116V0.000109Nb0.000479Co0.131Al0.000619,1438.6,0.685,0.0116,0.000101,0.000198,0.151,0.00882,0.0116,0.000109,0.000479,0.131,0.000619,0,0,0
Fe0.779C0.00141Mn0.000103Si0.000201Cr0.000109Ni0.174Mo0.0130V0.000111Nb0.0000608Co0.0000959Al0.00209Ti0.0295,2006,0.779,0.00141,0.000103,0.000201,0.000109,0.174,0.013,0.000111,6.08E-05,9.59E-05,0.00209,0.0295,0,0
Fe0.678C0.00421Mn0.00645Si0.00741Cr0.133Ni0.0000958Mo0.0233V0.000110N0.00161Nb0.0000605Co0.145Al0.000625,1131.9,0.678,0.00421,0.00645,0.00741,0.133,9.58E-05,0.0233,0.00011,6.05E-05,0.145,0.000625,0,0.00161,0
Fe0.780C0.000465Mn0.00122Si0.00159Cr0.105Ni0.0953Mo0.00991V0.000110Nb0.0000602Co0.0000949Al0.00414Ti0.00222,1087,0.78,0.000465,0.00122,0.00159,0.105,0.0953,0.00991,0.00011,6.02E-05,9.49E-05,0.00414,0.00222,0,0
Fe0.644Mn0.000521Si0.00102Cr0.000110Ni0.177Mo0.0215V0.000112Nb0.0000617Co0.126Al0.00234Ti0.0269,2501.1,0.644,0,0.000521,0.00102,0.00011,0.177,0.0215,0.000112,6.17E-05,0.126,0.00234,0.0269,0,0
Fe0.751C0.00138Mn0.000101Si0.000197Cr0.133Ni0.0784Mo0.0128V0.000109Nb0.0000596Co0.0000939Al0.0220Ti0.000578,1317,0.751,0.00138,0.000101,0.000197,0.133,0.0784,0.0128,0.000109,5.96E-05,9.39E-05,0.022,0.000578,0,0
Fe0.667C0.000477Mn0.000522Si0.00102Cr0.000110Ni0.171Mo0.0233V0.000113Nb0.0000617Co0.115Al0.00361Ti0.0184,2381.6,0.667,0.000477,0.000522,0.00102,0.00011,0.171,0.0233,0.000113,6.17E-05,0.115,0.00361,0.0184,0,0
Fe0.663C0.00329Mn0.000103Si0.000201Cr0.169Ni0.0000963Mo0.0294V0.00455N0.00121Nb0.0000608Co0.129Al0.000629,1312.6,0.663,0.00329,0.000103,0.000201,0.169,9.63E-05,0.0294,0.00455,6.08E-05,0.129,0.000629,0,0.00121,0
Fe0.799C0.000468Mn0.0256Si0.000401Cr0.000108Ni0.173Mo0.000117V0.000110Nb0.0000605Co0.0000955Al0.00104Ti0.000470,1471.1,0.799,0.000468,0.0256,0.000401,0.000108,0.173,0.000117,0.00011,6.05E-05,9.55E-05,0.00104,0.00047,0,0
Fe0.677C0.000478Mn0.000104Si0.000204Cr0.000110Ni0.146Mo0.0188V0.000113Nb0.0000617Co0.149Al0.000638Ti0.00839,1669.3,0.677,0.000478,0.000104,0.000204,0.00011,0.146,0.0188,0.000113,6.17E-05,0.149,0.000638,0.00839,0,0
Fe0.814C0.0169Mn0.00236Si0.000201Cr0.0710Ni0.0000960Mo0.0338V0.00951Nb0.00249Co0.0488Al0.000627,1653.6,0.814,0.0169,0.00236,0.000201,0.071,9.60E-05,0.0338,0.00951,0.00249,0.0488,0.000627,0,0,0
Fe0.705C0.000475Mn0.000104Si0.000203Cr0.000110Ni0.147Mo0.0304V0.000112Nb0.0000615Co0.0891Al0.0195Ti0.00835,1580.1,0.705,0.000475,0.000104,0.000203,0.00011,0.147,0.0304,0.000112,6.15E-05,0.0891,0.0195,0.00835,0,0
Fe0.786C0.000473Mn0.000310Si0.000202Cr0.000109Ni0.175Mo0.0182V0.000112Nb0.0000612Co0.0000965Al0.00190Ti0.0167,1641.2,0.786,0.000473,0.00031,0.000202,0.000109,0.175,0.0182,0.000112,6.12E-05,9.65E-05,0.0019,0.0167,0,0
Fe0.779C0.00139Mn0.000101Si0.000198Cr0.114Ni0.0973Mo0.000116V0.000109Nb0.0000597Co0.0000941Al0.00432Ti0.00359,1125,0.779,0.00139,0.000101,0.000198,0.114,0.0973,0.000116,0.000109,5.97E-05,9.41E-05,0.00432,0.00359,0,0
Fe0.757C0.00185Mn0.000101Si0.000791Cr0.133Ni0.0781Mo0.0127V0.000109Nb0.0000597Co0.0000942Al0.0158Ti0.000232,1280.8,0.757,0.00185,0.000101,0.000791,0.133,0.0781,0.0127,0.000109,5.97E-05,9.42E-05,0.0158,0.000232,0,0
Fe0.713C0.0108Mn0.000102Si0.000200Cr0.0336Ni0.107Mo0.00691V0.000110Nb0.0000605Co0.128Al0.000208Ti0.000117,1746.6,0.713,0.0108,0.000102,0.0002,0.0336,0.107,0.00691,0.00011,6.05E-05,0.128,0.000208,0.000117,0,0
Fe0.735C0.00514Mn0.00593Si0.00440Cr0.128Ni0.0000957Mo0.0227V0.000110N0.000802Nb0.0000604Co0.0972Al0.000624,1096.5,0.735,0.00514,0.00593,0.0044,0.128,9.57E-05,0.0227,0.00011,6.04E-05,0.0972,0.000624,0,0.000802,0
Fe0.690C0.00697Mn0.000102Si0.000199Cr0.150Ni0.00885Mo0.0116V0.000110Nb0.000481Co0.130Al0.000621,1278.2,0.69,0.00697,0.000102,0.000199,0.15,0.00885,0.0116,0.00011,0.000481,0.13,0.000621,0,0,0
Fe0.767C0.000465Mn0.00112Si0.00358Cr0.110Ni0.0981Mo0.0119V0.000110Nb0.0000601Co0.0000948Al0.00559Ti0.00257,1175.4,0.767,0.000465,0.00112,0.00358,0.11,0.0981,0.0119,0.00011,6.01E-05,9.48E-05,0.00559,0.00257,0,0
Fe0.682C0.00515Mn0.000102Si0.000200Cr0.0995Ni0.0355Mo0.0117V0.00552Nb0.0000605Co0.159Al0.000625Ti0.000353,1453.8,0.682,0.00515,0.000102,0.0002,0.0995,0.0355,0.0117,0.00552,6.05E-05,0.159,0.000625,0.000353,0,0
Fe0.704C0.000476Mn0.000104Si0.000203Cr0.000110Ni0.148Mo0.0304V0.000112Nb0.0000615Co0.0892Al0.0191Ti0.00835,1393.5,0.704,0.000476,0.000104,0.000203,0.00011,0.148,0.0304,0.000112,6.15E-05,0.0892,0.0191,0.00835,0,0
Fe0.754C0.00184Mn0.000101Si0.000197Cr0.132Ni0.0780Mo0.0128V0.000109Nb0.0000596Co0.0000940Al0.0213Ti0.000347,1294.9,0.754,0.00184,0.000101,0.000197,0.132,0.078,0.0128,0.000109,5.96E-05,9.40E-05,0.0213,0.000347,0,0
Fe0.819C0.00507Mn0.00686Si0.00493Cr0.127Ni0.0225Mo0.0102V0.00359N0.000791Nb0.0000596Co0.0000940Al0.000616,1021,0.819,0.00507,0.00686,0.00493,0.127,0.0225,0.0102,0.00359,5.96E-05,9.40E-05,0.000616,0,0.000791,0
Fe0.661C0.000454Mn0.0000993Si0.0375Cr0.164Ni0.0381Mo0.000114V0.000107Nb0.0000587Co0.0972Al0.000606Ti0.000684,1185.1,0.661,0.000454,9.93E-05,0.0375,0.164,0.0381,0.000114,0.000107,5.87E-05,0.0972,0.000606,0.000684,0,0
Fe0.720C0.000948Mn0.000104Si0.000203Cr0.0559Ni0.109Mo0.0303V0.00548Nb0.0000613Co0.0609Al0.00865Ti0.00880,1136.8,0.72,0.000948,0.000104,0.000203,0.0559,0.109,0.0303,0.00548,6.13E-05,0.0609,0.00865,0.0088,0,0
Fe0.690C0.00970Mn0.000101Si0.0111Cr0.134Ni0.00936Mo0.0114V0.00370Nb0.000478Co0.129Al0.000617,1280.7,0.69,0.0097,0.000101,0.0111,0.134,0.00936,0.0114,0.0037,0.000478,0.129,0.000617,0,0,0
Fe0.686C0.000466Mn0.000102Si0.000199Cr0.0951Ni0.103Mo0.00694V0.00450Nb0.0000602Co0.0877Al0.00892Ti0.00666,1755.2,0.686,0.000466,0.000102,0.000199,0.0951,0.103,0.00694,0.0045,6.02E-05,0.0877,0.00892,0.00666,0,0
Fe0.696C0.00878Mn0.000101Si0.00989Cr0.135Ni0.00927Mo0.0113V0.000109Nb0.000120Co0.129Al0.000617,1376.3,0.696,0.00878,0.000101,0.00989,0.135,0.00927,0.0113,0.000109,0.00012,0.129,0.000617,0,0,0
Fe0.752C0.00138Mn0.000101Si0.000197Cr0.134Ni0.0784Mo0.0128V0.000109Nb0.0000596Co0.0000940Al0.0209Ti0.000116,1277.7,0.752,0.00138,0.000101,0.000197,0.134,0.0784,0.0128,0.000109,5.96E-05,9.40E-05,0.0209,0.000116,0,0
Fe0.684C0.00699Mn0.000102Si0.000199Cr0.155Ni0.0000953Mo0.0177V0.00450N0.00120Nb0.0000602Co0.130Al0.000622,1233.3,0.684,0.00699,0.000102,0.000199,0.155,9.53E-05,0.0177,0.0045,6.02E-05,0.13,0.000622,0,0.0012,0
Fe0.812C0.000934Mn0.000715Si0.00220Cr0.0507Ni0.0975Mo0.0181V0.000110Nb0.0000604Co0.0000952Al0.0146Ti0.00258,1420,0.812,0.000934,0.000715,0.0022,0.0507,0.0975,0.0181,0.00011,6.04E-05,9.52E-05,0.0146,0.00258,0,0
Fe0.656C0.00930Mn0.000102Si0.000199Cr0.152Ni0.00875Mo0.0116V0.000110Nb0.000481Co0.161Al0.000621,1243.4,0.656,0.0093,0.000102,0.000199,0.152,0.00875,0.0116,0.00011,0.000481,0.161,0.000621,0,0,0
Fe0.650C0.000477Mn0.000522Si0.00102Cr0.000110Ni0.176Mo0.0215V0.000113Nb0.0000617Co0.126Al0.00170Ti0.0225,2411.5,0.65,0.000477,0.000522,0.00102,0.00011,0.176,0.0215,0.000113,6.17E-05,0.126,0.0017,0.0225,0,0
Fe0.735C0.000951Mn0.000104Si0.000203Cr0.0549Ni0.108Mo0.0286V0.000112Nb0.0000615Co0.0601Al0.00190Ti0.00978,1047.3,0.735,0.000951,0.000104,0.000203,0.0549,0.108,0.0286,0.000112,6.15E-05,0.0601,0.0019,0.00978,0,0
Fe0.721C0.00189Mn0.00455Si0.00647Cr0.131Ni0.0000967Mo0.0364V0.000111N0.00122Nb0.0000611Co0.0963Al0.000631,1219.7,0.721,0.00189,0.00455,0.00647,0.131,9.67E-05,0.0364,0.000111,6.11E-05,0.0963,0.000631,0,0.00122,0
Fe0.694C0.0103Mn0.000102Si0.000200Cr0.0917Ni0.0440Mo0.00877V0.00308Nb0.0000604Co0.146W0.00153Al0.000624Ti0.000352,1575.5,0.694,0.0103,0.000102,0.0002,0.0917,0.044,0.00877,0.00308,6.04E-05,0.146,0.000624,0.000352,0,0.00153
Fe0.682C0.00925Mn0.000101Si0.0101Cr0.134Ni0.00899Mo0.0115V0.000109Nb0.000479Co0.143Al0.000618,1314.2,0.682,0.00925,0.000101,0.0101,0.134,0.00899,0.0115,0.000109,0.000479,0.143,0.000618,0,0,0
Fe0.774Mn0.000511Si0.000599Cr0.111Ni0.0985Mo0.0120V0.000110Nb0.0000604Co0.0000952Al0.00187Ti0.00105,1032.1,0.774,0,0.000511,0.000599,0.111,0.0985,0.012,0.00011,6.04E-05,9.52E-05,0.00187,0.00105,0,0
Fe0.669C0.00929Mn0.000102Si0.000596Cr0.151Ni0.0000950Mo0.0115V0.000110Nb0.000480Co0.157Al0.000620,1358.2,0.669,0.00929,0.000102,0.000596,0.151,9.50E-05,0.0115,0.00011,0.00048,0.157,0.00062,0,0,0
Fe0.657C0.000954Mn0.000522Si0.00102Cr0.000110Ni0.166Mo0.0243V0.00776Nb0.0000617Co0.120Al0.00340Ti0.0189,2381.6,0.657,0.000954,0.000522,0.00102,0.00011,0.166,0.0243,0.00776,6.17E-05,0.12,0.0034,0.0189,0,0
Fe0.676C0.000475Mn0.000104Si0.000203Cr0.000110Ni0.180Mo0.0279V0.000112Nb0.0000614Co0.0852Al0.0216Ti0.00846,1309.1,0.676,0.000475,0.000104,0.000203,0.00011,0.18,0.0279,0.000112,6.14E-05,0.0852,0.0216,0.00846,0,0
Fe0.722C0.000475Mn0.000104Si0.000203Cr0.0549Ni0.109Mo0.0297V0.000112Nb0.0000614Co0.0600Al0.00190Ti0.0216,1164.4,0.722,0.000475,0.000104,0.000203,0.0549,0.109,0.0297,0.000112,6.14E-05,0.06,0.0019,0.0216,0,0
Fe0.802C0.000468Mn0.000512Si0.00120Cr0.0526Ni0.111Mo0.0173V0.000110Nb0.0000605Co0.0000954Al0.0121Ti0.00258,1437.3,0.802,0.000468,0.000512,0.0012,0.0526,0.111,0.0173,0.00011,6.05E-05,9.54E-05,0.0121,0.00258,0,0
Fe0.682C0.00877Mn0.000202Si0.00967Cr0.134Ni0.00907Mo0.00861V0.00501Nb0.0000597Co0.142Al0.000616,1241,0.682,0.00877,0.000202,0.00967,0.134,0.00907,0.00861,0.00501,5.97E-05,0.142,0.000616,0,0,0
Fe0.702Mn0.000102Si0.000200Cr0.154Ni0.0802Mo0.0146V0.000110Nb0.0000604Co0.0409Al0.00249Ti0.00551,1274.7,0.702,0,0.000102,0.0002,0.154,0.0802,0.0146,0.00011,6.04E-05,0.0409,0.00249,0.00551,0,0
Fe0.683C0.00704Mn0.000103Si0.000201Cr0.156Ni0.0000961Mo0.0299V0.00454N0.00121Nb0.0000607Co0.117Al0.000836,1471,0.683,0.00704,0.000103,0.000201,0.156,9.61E-05,0.0299,0.00454,6.07E-05,0.117,0.000836,0,0.00121,0
Fe0.667C0.00984Mn0.000102Si0.000200Cr0.158Ni0.0000959Mo0.0295V0.00453N0.000804Nb0.0000606Co0.129Al0.00104,1405.6,0.667,0.00984,0.000102,0.0002,0.158,9.59E-05,0.0295,0.00453,6.06E-05,0.129,0.00104,0,0.000804,0
Fe0.751C0.00138Mn0.000101Si0.000197Cr0.133Ni0.0787Mo0.0128V0.000109N0.000395Nb0.0000596Co0.0000939Al0.0217Ti0.000231,1269,0.751,0.00138,0.000101,0.000197,0.133,0.0787,0.0128,0.000109,5.96E-05,9.39E-05,0.0217,0.000231,0.000395,0
Fe0.724C0.00140Mn0.000510Si0.00339Cr0.000108Ni0.157Mo0.000117V0.0440Nb0.0000603Co0.0656Al0.00208Ti0.00164,1536.5,0.724,0.0014,0.00051,0.00339,0.000108,0.157,0.000117,0.044,6.03E-05,0.0656,0.00208,0.00164,0,0
Fe0.777C0.000470Mn0.000719Si0.00201Cr0.0836Ni0.115Mo0.0178V0.000111Nb0.0000607Co0.0000958Al0.00167Ti0.000707,1010.8,0.777,0.00047,0.000719,0.00201,0.0836,0.115,0.0178,0.000111,6.07E-05,9.58E-05,0.00167,0.000707,0,0
Fe0.709C0.0103Mn0.000102Si0.000200Cr0.0328Ni0.107Mo0.00692V0.000110Nb0.0000605Co0.133Al0.000625Ti0.000117,1810,0.709,0.0103,0.000102,0.0002,0.0328,0.107,0.00692,0.00011,6.05E-05,0.133,0.000625,0.000117,0,0
Fe0.660C0.000484Mn0.000106Si0.000207Cr0.000112Ni0.148Mo0.0364V0.000114Nb0.0000625Co0.146Al0.000646Ti0.00752,1603.3,0.66,0.000484,0.000106,0.000207,0.000112,0.148,0.0364,0.000114,6.25E-05,0.146,0.000646,0.00752,0,0
Fe0.808C0.0201Mn0.00214Si0.000200Cr0.0770Ni0.0000955Mo0.0328V0.0112Nb0.0000603Co0.0475Al0.000623,1736.3,0.808,0.0201,0.00214,0.0002,0.077,9.55E-05,0.0328,0.0112,6.03E-05,0.0475,0.000623,0,0,0
Fe0.693C0.00877Mn0.000101Si0.0144Cr0.133Ni0.00897Mo0.0114V0.000109Nb0.000477Co0.130Al0.000616,1275.3,0.693,0.00877,0.000101,0.0144,0.133,0.00897,0.0114,0.000109,0.000477,0.13,0.000616,0,0,0
Fe0.714C0.00984Mn0.000102Si0.000200Cr0.0336Ni0.106Mo0.00698V0.000110Nb0.0000605Co0.129Al0.000208Ti0.000118,1795.5,0.714,0.00984,0.000102,0.0002,0.0336,0.106,0.00698,0.00011,6.05E-05,0.129,0.000208,0.000118,0,0
Fe0.744C0.00414Mn0.0217Si0.00354Cr0.180Ni0.0401Mo0.00598V0.000108Nb0.0000594Co0.0000937Al0.000614,1028.7,0.744,0.00414,0.0217,0.00354,0.18,0.0401,0.00598,0.000108,5.94E-05,9.37E-05,0.000614,0,0,0
Fe0.687Mn0.000102Si0.000199Cr0.119Ni0.0952Mo0.00716V0.000110Nb0.0000601Co0.0712W0.000851Al0.0118Ti0.00689,1729.4,0.687,0,0.000102,0.000199,0.119,0.0952,0.00716,0.00011,6.01E-05,0.0712,0.0118,0.00689,0,0.000851
Fe0.789C0.00143Mn0.000104Si0.000204Cr0.000110Ni0.181Mo0.000119V0.000112Nb0.0000617Co0.0000972W0.00935Al0.00212Ti0.0168,1600,0.789,0.00143,0.000104,0.000204,0.00011,0.181,0.000119,0.000112,6.17E-05,9.72E-05,0.00212,0.0168,0,0.00935
Fe0.799C0.000469Mn0.000513Si0.00241Cr0.0520Ni0.117Mo0.0176V0.000111Nb0.0000606Co0.0000956Al0.00835Ti0.00224,1272.6,0.799,0.000469,0.000513,0.00241,0.052,0.117,0.0176,0.000111,6.06E-05,9.56E-05,0.00835,0.00224,0,0
Fe0.721C0.00970Mn0.000101Si0.0119Cr0.0875Ni0.0246Mo0.00752V0.00316Nb0.0000597Co0.134Al0.000617Ti0.000232,1391.8,0.721,0.0097,0.000101,0.0119,0.0875,0.0246,0.00752,0.00316,5.97E-05,0.134,0.000617,0.000232,0,0
Fe0.796C0.000469Mn0.000103Si0.000201Cr0.000108Ni0.174Mo0.00587V0.000111Nb0.0000606Co0.0000956Al0.00167Ti0.0212,1737.2,0.796,0.000469,0.000103,0.000201,0.000108,0.174,0.00587,0.000111,6.06E-05,9.56E-05,0.00167,0.0212,0,0
Fe0.766Mn0.000510Si0.000399Cr0.121Ni0.0945Mo0.0120V0.000110Nb0.0000603Co0.0000950Al0.00270Ti0.00351,1172,0.766,0,0.00051,0.000399,0.121,0.0945,0.012,0.00011,6.03E-05,9.50E-05,0.0027,0.00351,0,0
Fe0.765Mn0.00112Si0.00597Cr0.110Ni0.0990Mo0.0119V0.000110Nb0.0000601Co0.0000948Al0.00414Ti0.00257,1173.8,0.765,0,0.00112,0.00597,0.11,0.099,0.0119,0.00011,6.01E-05,9.48E-05,0.00414,0.00257,0,0
Fe0.712C0.00144Mn0.000105Si0.000205Cr0.000111Ni0.180Mo0.0306V0.000113Nb0.0000620Co0.0655Al0.00235Ti0.00842,1109.3,0.712,0.00144,0.000105,0.000205,0.000111,0.18,0.0306,0.000113,6.20E-05,0.0655,0.00235,0.00842,0,0
Fe0.752C0.00184Mn0.000101Si0.000197Cr0.133Ni0.0783Mo0.0128V0.000109Nb0.0000596Co0.0000940Al0.0209Ti0.00104,1391.2,0.752,0.00184,0.000101,0.000197,0.133,0.0783,0.0128,0.000109,5.96E-05,9.40E-05,0.0209,0.00104,0,0
Fe0.714C0.00138Mn0.00602Si0.00589Cr0.154Ni0.0798Mo0.0144V0.000108Nb0.0000593Co0.0000935Al0.0245,1478.4,0.714,0.00138,0.00602,0.00589,0.154,0.0798,0.0144,0.000108,5.93E-05,9.35E-05,0.0245,0,0,0
Fe0.752C0.00184Mn0.000101Si0.000197Cr0.133Ni0.0787Mo0.0129V0.000109Nb0.0000596Co0.0000940Al0.0213Ti0.000116,1312,0.752,0.00184,0.000101,0.000197,0.133,0.0787,0.0129,0.000109,5.96E-05,9.40E-05,0.0213,0.000116,0,0
Fe0.711C0.00931Mn0.000102Si0.000199Cr0.113Ni0.0237Mo0.0115V0.000110Nb0.000602Co0.130Al0.000622,1282.2,0.711,0.00931,0.000102,0.000199,0.113,0.0237,0.0115,0.00011,0.000602,0.13,0.000622,0,0,0
Fe0.669C0.00957Mn0.0000996Si0.0388Cr0.132Ni0.00876Mo0.0113V0.000107Nb0.000471Co0.129Al0.000608,1354.2,0.669,0.00957,9.96E-05,0.0388,0.132,0.00876,0.0113,0.000107,0.000471,0.129,0.000608,0,0,0
Fe0.758C0.00142Mn0.000104Si0.000203Cr0.123Ni0.0932Mo0.000119V0.000112Nb0.0000612Co0.0000965W0.0124Al0.00822Ti0.00309,1199,0.758,0.00142,0.000104,0.000203,0.123,0.0932,0.000119,0.000112,6.12E-05,9.65E-05,0.00822,0.00309,0,0.0124
Fe0.750C0.00184Mn0.000101Si0.000394Cr0.133Ni0.0814Mo0.0121V0.000109Nb0.0000596Co0.0000939Al0.0205,1308,0.75,0.00184,0.000101,0.000394,0.133,0.0814,0.0121,0.000109,5.96E-05,9.39E-05,0.0205,0,0,0
Fe0.718C0.000473Mn0.000103Si0.000606Cr0.0866Ni0.0969Mo0.00118N0.000405Co0.0784W0.00707Al0.00421Ti0.00581,1525,0.718,0.000473,0.000103,0.000606,0.0866,0.0969,0.00118,0,0,0.0784,0.00421,0.00581,0.000405,0.00707
Fe0.702Mn0.000102Si0.000200Cr0.154Ni0.0793Mo0.0152V0.000110Nb0.0000604Co0.0409Al0.00208Ti0.00574,1350.4,0.702,0,0.000102,0.0002,0.154,0.0793,0.0152,0.00011,6.04E-05,0.0409,0.00208,0.00574,0,0
Fe0.745C0.00138Mn0.000101Si0.000197Cr0.134Ni0.0794Mo0.0129V0.000108Nb0.0000594Co0.0000937Al0.0268Ti0.000115,1521.3,0.745,0.00138,0.000101,0.000197,0.134,0.0794,0.0129,0.000108,5.94E-05,9.37E-05,0.0268,0.000115,0,0
Fe0.703C0.00927Mn0.000101Si0.000198Cr0.128Ni0.0235Mo0.00574V0.000109Nb0.000599Co0.129Al0.000619,1273.3,0.703,0.00927,0.000101,0.000198,0.128,0.0235,0.00574,0.000109,0.000599,0.129,0.000619,0,0,0
Fe0.803C0.0174Mn0.00236Si0.000201Cr0.0779Ni0.0000960Mo0.0335V0.0122Nb0.00473Co0.0477Al0.000627,1340.1,0.803,0.0174,0.00236,0.000201,0.0779,9.60E-05,0.0335,0.0122,0.00473,0.0477,0.000627,0,0,0
Fe0.802C0.000470Mn0.000308Si0.00221Cr0.0518Ni0.117Mo0.0178V0.000111Nb0.0000607Co0.0000958Al0.00544Ti0.00236,1216.8,0.802,0.00047,0.000308,0.00221,0.0518,0.117,0.0178,0.000111,6.07E-05,9.58E-05,0.00544,0.00236,0,0
Fe0.732C0.00415Mn0.00504Si0.00553Cr0.182Ni0.0395Mo0.0117V0.000109Nb0.0000597Co0.0190Al0.000616,1117.3,0.732,0.00415,0.00504,0.00553,0.182,0.0395,0.0117,0.000109,5.97E-05,0.019,0.000616,0,0,0
Fe0.751C0.00138Mn0.000101Si0.000197Cr0.134Ni0.0791Mo0.0129V0.000109Nb0.0000596Co0.0000940Al0.0211Ti0.000116,1285,0.751,0.00138,0.000101,0.000197,0.134,0.0791,0.0129,0.000109,5.96E-05,9.40E-05,0.0211,0.000116,0,0
Fe0.823C0.0176Mn0.00183Si0.000198Cr0.0779Ni0.0000949Mo0.0219V0.0105Nb0.0000600Co0.0463Al0.000620,1722.5,0.823,0.0176,0.00183,0.000198,0.0779,9.49E-05,0.0219,0.0105,6.00E-05,0.0463,0.00062,0,0,0
Fe0.625Mn0.000102Si0.000200Cr0.0936Ni0.129Mo0.00480V0.000110Nb0.0000604Co0.132Al0.00812Ti0.00669,1736.3,0.625,0,0.000102,0.0002,0.0936,0.129,0.0048,0.00011,6.04E-05,0.132,0.00812,0.00669,0,0
Fe0.703C0.00274Mn0.0209Si0.00625Cr0.173Ni0.0481Mo0.00864V0.000108Nb0.0000591Co0.0189Al0.0179,1237,0.703,0.00274,0.0209,0.00625,0.173,0.0481,0.00864,0.000108,5.91E-05,0.0189,0.0179,0,0,0
Fe0.814C0.000937Mn0.000717Si0.00200Cr0.0522Ni0.0977Mo0.0188V0.000110Nb0.0000605Co0.0000954Al0.0108Ti0.00282,1304.3,0.814,0.000937,0.000717,0.002,0.0522,0.0977,0.0188,0.00011,6.05E-05,9.54E-05,0.0108,0.00282,0,0
Fe0.772C0.0169Mn0.00226Si0.000201Cr0.0732Ni0.0000961Mo0.0338V0.0106Nb0.0000607Co0.0905Al0.000627,1846.5,0.772,0.0169,0.00226,0.000201,0.0732,9.61E-05,0.0338,0.0106,6.07E-05,0.0905,0.000627,0,0,0
Fe0.706C0.000906Mn0.0000990Si0.0372Cr0.162Ni0.0361Mo0.000113V0.000107Nb0.0000586Co0.0554Al0.000806Ti0.000796,1109.3,0.706,0.000906,9.90E-05,0.0372,0.162,0.0361,0.000113,0.000107,5.86E-05,0.0554,0.000806,0.000796,0,0
Fe0.766Mn0.00448Si0.00159Cr0.109Ni0.0981Mo0.0117V0.000110Nb0.0000602Co0.0000949Al0.00622Ti0.00257,1163,0.766,0,0.00448,0.00159,0.109,0.0981,0.0117,0.00011,6.02E-05,9.49E-05,0.00622,0.00257,0,0
Fe0.797C0.000939Mn0.00215Si0.00381Cr0.0540Ni0.118Mo0.0175V0.000111Nb0.0000607Co0.0000957Al0.00481Ti0.00165,1194,0.797,0.000939,0.00215,0.00381,0.054,0.118,0.0175,0.000111,6.07E-05,9.57E-05,0.00481,0.00165,0,0
Fe0.710C0.000477Mn0.000104Si0.000204Cr0.000110Ni0.149Mo0.0305V0.000112Nb0.0000617Co0.0885Al0.0127Ti0.00814,1123.1,0.71,0.000477,0.000104,0.000204,0.00011,0.149,0.0305,0.000112,6.17E-05,0.0885,0.0127,0.00814,0,0
Fe0.684C0.00920Mn0.000101Si0.0197Cr0.134Ni0.00885Mo0.0114V0.00228Nb0.000476Co0.129Al0.000614,1344.4,0.684,0.0092,0.000101,0.0197,0.134,0.00885,0.0114,0.00228,0.000476,0.129,0.000614,0,0,0
Fe0.666C0.00751Mn0.000103Si0.000201Cr0.155Ni0.0000960Mo0.0299V0.00963N0.00161Nb0.0000607Co0.129Al0.00104,1550.3,0.666,0.00751,0.000103,0.000201,0.155,9.60E-05,0.0299,0.00963,6.07E-05,0.129,0.00104,0,0.00161,0
Fe0.687C0.000467Mn0.000102Si0.000200Cr0.0835Ni0.114Mo0.00573V0.000110Nb0.0000604Co0.0947Al0.00562Ti0.00832,1779.7,0.687,0.000467,0.000102,0.0002,0.0835,0.114,0.00573,0.00011,6.04E-05,0.0947,0.00562,0.00832,0,0
Fe0.811C0.0182Mn0.00225Si0.000200Cr0.0755Ni0.0000957Mo0.0337V0.0119Nb0.0000605Co0.0467Al0.000625,1688.1,0.811,0.0182,0.00225,0.0002,0.0755,9.57E-05,0.0337,0.0119,6.05E-05,0.0467,0.000625,0,0,0
Fe0.700C0.000479Mn0.000523Si0.00102Cr0.000111Ni0.170Mo0.0298V0.000113Nb0.0000619Co0.0771Al0.00277Ti0.0180,2356.4,0.7,0.000479,0.000523,0.00102,0.000111,0.17,0.0298,0.000113,6.19E-05,0.0771,0.00277,0.018,0,0
Fe0.780C0.000457Mn0.000599Si0.0504Cr0.000106Ni0.166Mo0.000114V0.000108Nb0.0000591Co0.0000931Al0.00102Ti0.000802,1309.1,0.78,0.000457,0.000599,0.0504,0.000106,0.166,0.000114,0.000108,5.91E-05,9.31E-05,0.00102,0.000802,0,0
Fe0.807C0.000470Mn0.000513Si0.00221Cr0.0501Ni0.116Mo0.0164V0.000111Nb0.0000607Co0.0000957Al0.00439Ti0.00236,1167.2,0.807,0.00047,0.000513,0.00221,0.0501,0.116,0.0164,0.000111,6.07E-05,9.57E-05,0.00439,0.00236,0,0
Fe0.712C0.00471Mn0.00639Si0.00746Cr0.133Ni0.0000964Mo0.0363V0.000111N0.00121Nb0.0000609Co0.0980Al0.000629,1258.2,0.712,0.00471,0.00639,0.00746,0.133,9.64E-05,0.0363,0.000111,6.09E-05,0.098,0.000629,0,0.00121,0
Fe0.785C0.000467Mn0.000511Si0.00180Cr0.0820Ni0.0985Mo0.0178V0.000110Nb0.0000604Co0.0000952Al0.0108Ti0.00235,1383.5,0.785,0.000467,0.000511,0.0018,0.082,0.0985,0.0178,0.00011,6.04E-05,9.52E-05,0.0108,0.00235,0,0
Fe0.769Mn0.000509Si0.000398Cr0.112Ni0.0953Mo0.0119V0.000110Nb0.0000602Co0.0000949Al0.00725Ti0.00362,1282.2,0.769,0,0.000509,0.000398,0.112,0.0953,0.0119,0.00011,6.02E-05,9.49E-05,0.00725,0.00362,0,0
Fe0.681C0.00877Mn0.00464Si0.00968Cr0.135Ni0.00898Mo0.00861V0.000109Nb0.0000597Co0.142Al0.000617,1250.8,0.681,0.00877,0.00464,0.00968,0.135,0.00898,0.00861,0.000109,5.97E-05,0.142,0.000617,0,0,0
Fe0.760C0.000468Mn0.000102Si0.000200Cr0.113Ni0.0986Mo0.0181V0.000110Nb0.0000605Co0.0000953Al0.00749Ti0.00129,1091.4,0.76,0.000468,0.000102,0.0002,0.113,0.0986,0.0181,0.00011,6.05E-05,9.53E-05,0.00749,0.00129,0,0
Fe0.687C0.0162Mn0.000101Si0.000199Cr0.0965Ni0.0142Mo0.0116V0.00328Nb0.0000600Co0.170Al0.000620Ti0.000233,1731.7,0.687,0.0162,0.000101,0.000199,0.0965,0.0142,0.0116,0.00328,6.00E-05,0.17,0.00062,0.000233,0,0
Fe0.768C0.000466Mn0.00122Si0.00119Cr0.111Ni0.0972Mo0.0119V0.000110Nb0.0000602Co0.0000949Al0.00642Ti0.00245,1258.8,0.768,0.000466,0.00122,0.00119,0.111,0.0972,0.0119,0.00011,6.02E-05,9.49E-05,0.00642,0.00245,0,0
Fe0.725C0.0155Mn0.000677Si0.0899Cr0.000102Ni0.167Mo0.000111V0.000104Nb0.0000572Co0.0000902Al0.000591,1250.5,0.725,0.0155,0.000677,0.0899,0.000102,0.167,0.000111,0.000104,5.72E-05,9.02E-05,0.000591,0,0,0
Fe0.655C0.00752Mn0.000103Si0.000201Cr0.147Ni0.0000961Mo0.0276V0.00443N0.00161Nb0.0000607Co0.155Al0.000836,1274.7,0.655,0.00752,0.000103,0.000201,0.147,9.61E-05,0.0276,0.00443,6.07E-05,0.155,0.000836,0,0.00161,0
Fe0.668Mn0.000102Si0.000200Cr0.119Ni0.0767Mo0.0292V0.000111Nb0.0000606Co0.0813Al0.0248Ti0.000235,1837.9,0.668,0,0.000102,0.0002,0.119,0.0767,0.0292,0.000111,6.06E-05,0.0813,0.0248,0.000235,0,0
Fe0.666C0.00702Mn0.000102Si0.000200Cr0.157Ni0.0000958Mo0.0296V0.00508N0.00602Nb0.0000605Co0.129Al0.00104,1164.4,0.666,0.00702,0.000102,0.0002,0.157,9.58E-05,0.0296,0.00508,6.05E-05,0.129,0.00104,0,0.00602,0
Fe0.736C0.0107Mn0.000101Si0.000198Cr0.0964Ni0.0266Mo0.00755V0.00328Nb0.0000600Co0.118Al0.000619Ti0.000349,1522.7,0.736,0.0107,0.000101,0.000198,0.0964,0.0266,0.00755,0.00328,6.00E-05,0.118,0.000619,0.000349,0,0
Fe0.715C0.00378Mn0.00609Si0.00605Cr0.133Ni0.0000966Mo0.0372V0.000111N0.00202Nb0.0000610Co0.0962Al0.000630,1287.4,0.715,0.00378,0.00609,0.00605,0.133,9.66E-05,0.0372,0.000111,6.10E-05,0.0962,0.00063,0,0.00202,0
Fe0.755C0.00552Mn0.00543Si0.0236Cr0.128Ni0.0188Mo0.0173V0.00380N0.00197Nb0.00244Co0.0375Al0.000615,1074.9,0.755,0.00552,0.00543,0.0236,0.128,0.0188,0.0173,0.0038,0.00244,0.0375,0.000615,0,0.00197,0
Fe0.712C0.00143Mn0.000104Si0.000203Cr0.000110Ni0.146Mo0.0297V0.000112Nb0.00123Co0.0852Al0.0207Ti0.00310,1026.6,0.712,0.00143,0.000104,0.000203,0.00011,0.146,0.0297,0.000112,0.00123,0.0852,0.0207,0.0031,0,0
Fe0.748C0.00704Mn0.00164Si0.00120Cr0.0218Ni0.0967Mo0.00716V0.000111Nb0.0000606Co0.116Al0.000209,1503.4,0.748,0.00704,0.00164,0.0012,0.0218,0.0967,0.00716,0.000111,6.06E-05,0.116,0.000209,0,0,0
Fe0.674C0.00752Mn0.000103Si0.000201Cr0.156Ni0.0000961Mo0.0303V0.000111N0.00121Nb0.0000607Co0.129Al0.00146,1460.7,0.674,0.00752,0.000103,0.000201,0.156,9.61E-05,0.0303,0.000111,6.07E-05,0.129,0.00146,0,0.00121,0
Fe0.693C0.000454Mn0.0000993Si0.0334Cr0.165Ni0.0381Mo0.000114V0.000107Nb0.0000587Co0.0685Al0.000405Ti0.000456,1205.8,0.693,0.000454,9.93E-05,0.0334,0.165,0.0381,0.000114,0.000107,5.87E-05,0.0685,0.000405,0.000456,0,0
Fe0.766C0.00140Mn0.000102Si0.000199Cr0.115Ni0.0900Mo0.0143V0.000110Nb0.0000601Co0.0000948Al0.00952Ti0.00327,1182,0.766,0.0014,0.000102,0.000199,0.115,0.09,0.0143,0.00011,6.01E-05,9.48E-05,0.00952,0.00327,0,0
Fe0.747C0.000899Mn0.000982Si0.0820Cr0.000104Ni0.166Mo0.000112V0.000106Nb0.0000581Co0.0000916Al0.00140Ti0.00101,1801.8,0.747,0.000899,0.000982,0.082,0.000104,0.166,0.000112,0.000106,5.81E-05,9.16E-05,0.0014,0.00101,0,0
Fe0.771Mn0.00122Si0.00140Cr0.107Ni0.100Mo0.0123V0.000110Nb0.0000603Co0.0000950Al0.00477Ti0.00257,1150.6,0.771,0,0.00122,0.0014,0.107,0.1,0.0123,0.00011,6.03E-05,9.50E-05,0.00477,0.00257,0,0
Fe0.670C0.00798Mn0.000103Si0.000201Cr0.155Ni0.0000961Mo0.0299V0.00454N0.00121Nb0.0000607Co0.131Al0.000627,1502,0.67,0.00798,0.000103,0.000201,0.155,9.61E-05,0.0299,0.00454,6.07E-05,0.131,0.000627,0,0.00121,0
Fe0.689C0.00193Mn0.000105Si0.000206Cr0.000111Ni0.185Mo0.0362V0.000114Nb0.0000623Co0.0785Al0.00343Ti0.00507,1012.8,0.689,0.00193,0.000105,0.000206,0.000111,0.185,0.0362,0.000114,6.23E-05,0.0785,0.00343,0.00507,0,0
Fe0.770C0.000470Mn0.000103Si0.000201Cr0.000109Ni0.168Mo0.0124V0.0222Nb0.0000607Co0.0000957Al0.00251Ti0.0236,1998.6,0.77,0.00047,0.000103,0.000201,0.000109,0.168,0.0124,0.0222,6.07E-05,9.57E-05,0.00251,0.0236,0,0
Fe0.713C0.0108Mn0.000102Si0.000200Cr0.0335Ni0.106Mo0.00697V0.000110Nb0.0000605Co0.129Al0.000208Ti0.000117,1741.8,0.713,0.0108,0.000102,0.0002,0.0335,0.106,0.00697,0.00011,6.05E-05,0.129,0.000208,0.000117,0,0
Fe0.665C0.000468Mn0.000102Si0.000200Cr0.121Ni0.0768Mo0.0293V0.000110Nb0.0000606Co0.0823Al0.0254Ti0.000118,1870.6,0.665,0.000468,0.000102,0.0002,0.121,0.0768,0.0293,0.00011,6.06E-05,0.0823,0.0254,0.000118,0,0
Fe0.819C0.0150Mn0.00236Si0.000201Cr0.0716Ni0.0000960Mo0.0338V0.0102Nb0.0000606Co0.0468Al0.000626,1681.2,0.819,0.015,0.00236,0.000201,0.0716,9.60E-05,0.0338,0.0102,6.06E-05,0.0468,0.000626,0,0,0
Fe0.714C0.0108Mn0.000102Si0.000400Cr0.0337Ni0.106Mo0.00703V0.000110Nb0.0000605Co0.128Al0.000208Ti0.000117,1818,0.714,0.0108,0.000102,0.0004,0.0337,0.106,0.00703,0.00011,6.05E-05,0.128,0.000208,0.000117,0,0
Fe0.801C0.000939Mn0.000821Si0.000803Cr0.0513Ni0.116Mo0.0185V0.000111Nb0.0000607Co0.0000957Al0.00794Ti0.00271,1243.6,0.801,0.000939,0.000821,0.000803,0.0513,0.116,0.0185,0.000111,6.07E-05,9.57E-05,0.00794,0.00271,0,0
Fe0.620C0.000953Mn0.000521Si0.00102Cr0.000110Ni0.192Mo0.0176V0.000112Nb0.0000616Co0.146Al0.00318Ti0.0185,2411.5,0.62,0.000953,0.000521,0.00102,0.00011,0.192,0.0176,0.000112,6.16E-05,0.146,0.00318,0.0185,0,0
Fe0.801C0.000934Mn0.000102Si0.000200Cr0.000108Ni0.171Mo0.00175V0.000110Nb0.0000604Co0.0000952Al0.00208Ti0.0229,1674.6,0.801,0.000934,0.000102,0.0002,0.000108,0.171,0.00175,0.00011,6.04E-05,9.52E-05,0.00208,0.0229,0,0
Fe0.802C0.0174Mn0.00185Si0.000201Cr0.0805Ni0.0000962Mo0.0403V0.0106Nb0.0000608Co0.0468Al0.000628,1784.5,0.802,0.0174,0.00185,0.000201,0.0805,9.62E-05,0.0403,0.0106,6.08E-05,0.0468,0.000628,0,0,0
Fe0.696C0.00143Mn0.000105Si0.000204Cr0.000110Ni0.180Mo0.0293V0.000113Nb0.0000618Co0.0682Al0.00319Ti0.0212,1233.3,0.696,0.00143,0.000105,0.000204,0.00011,0.18,0.0293,0.000113,6.18E-05,0.0682,0.00319,0.0212,0,0
Fe0.752C0.00138Mn0.000101Si0.000197Cr0.133Ni0.0784Mo0.0128V0.000109Nb0.0000596Co0.0000940Al0.0218Ti0.000231,1296,0.752,0.00138,0.000101,0.000197,0.133,0.0784,0.0128,0.000109,5.96E-05,9.40E-05,0.0218,0.000231,0,0
Fe0.795C0.00141Mn0.000717Si0.000801Cr0.0963Ni0.0810Mo0.0191V0.000110Nb0.0000606Co0.0000955Al0.00313Ti0.00270,1150.6,0.795,0.00141,0.000717,0.000801,0.0963,0.081,0.0191,0.00011,6.06E-05,9.55E-05,0.00313,0.0027,0,0
Fe0.696C0.00974Mn0.000101Si0.000198Cr0.150Ni0.0000949Mo0.0116V0.000109Nb0.000480Co0.130Al0.000619,1348.9,0.696,0.00974,0.000101,0.000198,0.15,9.49E-05,0.0116,0.000109,0.00048,0.13,0.000619,0,0,0
Fe0.737C0.000956Mn0.000105Si0.000204Cr0.000110Ni0.127Mo0.0299V0.00530Nb0.0000618Co0.0867Al0.00426Ti0.00852,1061.1,0.737,0.000956,0.000105,0.000204,0.00011,0.127,0.0299,0.0053,6.18E-05,0.0867,0.00426,0.00852,0,0
Fe0.695C0.00971Mn0.000101Si0.00988Cr0.134Ni0.00889Mo0.0115V0.000109Nb0.000478Co0.130Al0.000617,1369.5,0.695,0.00971,0.000101,0.00988,0.134,0.00889,0.0115,0.000109,0.000478,0.13,0.000617,0,0,0
Fe0.669C0.00331Mn0.00590Si0.00648Cr0.129Ni0.0000969Mo0.0375V0.000112N0.00203Nb0.0000612Co0.147Al0.000632,1133.4,0.669,0.00331,0.0059,0.00648,0.129,9.69E-05,0.0375,0.000112,6.12E-05,0.147,0.000632,0,0.00203,0
Fe0.680Mn0.000102Si0.000199Cr0.127Ni0.0976Mo0.00856V0.000110Nb0.0000601Co0.0709Al0.00891Ti0.00654,1586.7,0.68,0,0.000102,0.000199,0.127,0.0976,0.00856,0.00011,6.01E-05,0.0709,0.00891,0.00654,0,0
Fe0.721C0.000955Mn0.000104Si0.000204Cr0.000110Ni0.143Mo0.0299V0.00484Nb0.00124Co0.0867Al0.0102Ti0.00240,1026.6,0.721,0.000955,0.000104,0.000204,0.00011,0.143,0.0299,0.00484,0.00124,0.0867,0.0102,0.0024,0,0
Fe0.781C0.000475Mn0.000104Si0.000203Cr0.000110Ni0.173Mo0.0184V0.0112Nb0.0000613Co0.0000967W0.00102Al0.00106Ti0.0131,1688.1,0.781,0.000475,0.000104,0.000203,0.00011,0.173,0.0184,0.0112,6.13E-05,9.67E-05,0.00106,0.0131,0,0.00102
Fe0.779C0.00141Mn0.000103Si0.000201Cr0.000109Ni0.174Mo0.0130V0.000111Nb0.0000608Co0.0000959Al0.00230Ti0.0295,2005.5,0.779,0.00141,0.000103,0.000201,0.000109,0.174,0.013,0.000111,6.08E-05,9.59E-05,0.0023,0.0295,0,0
Fe0.785C0.000931Mn0.000102Si0.000199Cr0.000108Ni0.167Mo0.000117V0.0209Nb0.0000602Co0.0000949Al0.00187Ti0.0241,1730.2,0.785,0.000931,0.000102,0.000199,0.000108,0.167,0.000117,0.0209,6.02E-05,9.49E-05,0.00187,0.0241,0,0
Fe0.652Mn0.000522Si0.00102Cr0.000110Ni0.177Mo0.0209V0.000113Nb0.0000617Co0.126Al0.00212Ti0.0194,2331.1,0.652,0,0.000522,0.00102,0.00011,0.177,0.0209,0.000113,6.17E-05,0.126,0.00212,0.0194,0,0
Fe0.823Mn0.000618Si0.00101Cr0.0561Ni0.0984Mo0.0189V0.000111Nb0.0000609Co0.0000961Al0.000629Ti0.00106,1019,0.823,0,0.000618,0.00101,0.0561,0.0984,0.0189,0.000111,6.09E-05,9.61E-05,0.000629,0.00106,0,0
Fe0.754C0.00640Mn0.0300Si0.00469Cr0.166Ni0.0387Mo0.000114V0.000108Nb0.0000591Co0.0000931Al0.000610,1153.4,0.754,0.0064,0.03,0.00469,0.166,0.0387,0.000114,0.000108,5.91E-05,9.31E-05,0.00061,0,0,0
Fe0.801C0.000470Mn0.000205Si0.000603Cr0.0543Ni0.117Mo0.0176V0.000111Nb0.0000607Co0.0000958Al0.00648Ti0.00248,1309.8,0.801,0.00047,0.000205,0.000603,0.0543,0.117,0.0176,0.000111,6.07E-05,9.58E-05,0.00648,0.00248,0,0
Fe0.666C0.000482Mn0.000105Si0.000206Cr0.000111Ni0.149Mo0.0308V0.000114Nb0.0000623Co0.150Al0.000644Ti0.00242,1580,0.666,0.000482,0.000105,0.000206,0.000111,0.149,0.0308,0.000114,6.23E-05,0.15,0.000644,0.00242,0,0
Fe0.770Mn0.000509Si0.000398Cr0.111Ni0.0972Mo0.0120V0.000110Nb0.0000602Co0.0000949Al0.00726Ti0.00199,1243,0.77,0,0.000509,0.000398,0.111,0.0972,0.012,0.00011,6.02E-05,9.49E-05,0.00726,0.00199,0,0
Fe0.636C0.000474Mn0.000518Si0.00101Cr0.000109Ni0.188Mo0.00860V0.000112Nb0.0000612Co0.144Al0.00274Ti0.0184,2249.6,0.636,0.000474,0.000518,0.00101,0.000109,0.188,0.0086,0.000112,6.12E-05,0.144,0.00274,0.0184,0,0
Fe0.706C0.0116Mn0.000101Si0.000199Cr0.0965Ni0.0589Mo0.00755V0.00317Nb0.0000600Co0.115Al0.000620Ti0.000349,1405.6,0.706,0.0116,0.000101,0.000199,0.0965,0.0589,0.00755,0.00317,6.00E-05,0.115,0.00062,0.000349,0,0
Fe0.667C0.00984Mn0.000102Si0.000200Cr0.158Ni0.0000959Mo0.0295V0.00508N0.000804Nb0.0000606Co0.128Al0.00104,1529.6,0.667,0.00984,0.000102,0.0002,0.158,9.59E-05,0.0295,0.00508,6.06E-05,0.128,0.00104,0,0.000804,0
Fe0.804C0.0166Mn0.00238Si0.000202Cr0.0782Ni0.0000969Mo0.0343V0.0114Nb0.0000612Co0.0473W0.00476Al0.000632,1688.1,0.804,0.0166,0.00238,0.000202,0.0782,9.69E-05,0.0343,0.0114,6.12E-05,0.0473,0.000632,0,0,0.00476
Fe0.731C0.00897Mn0.000103Si0.000202Cr0.0742Ni0.0271Mo0.0142V0.00312Nb0.0000610Co0.137W0.00401Al0.000631Ti0.000237,1371.1,0.731,0.00897,0.000103,0.000202,0.0742,0.0271,0.0142,0.00312,6.10E-05,0.137,0.000631,0.000237,0,0.00401
Fe0.766Mn0.00366Si0.00159Cr0.110Ni0.0981Mo0.0118V0.000110Nb0.0000602Co0.0000949Al0.00622Ti0.00269,1178.9,0.766,0,0.00366,0.00159,0.11,0.0981,0.0118,0.00011,6.02E-05,9.49E-05,0.00622,0.00269,0,0
Fe0.793C0.000468Mn0.000819Si0.00240Cr0.0962Ni0.0800Mo0.0190V0.000110Nb0.0000605Co0.0000954Al0.00521Ti0.00235,1169.2,0.793,0.000468,0.000819,0.0024,0.0962,0.08,0.019,0.00011,6.05E-05,9.54E-05,0.00521,0.00235,0,0
Fe0.713C0.0112Mn0.000102Si0.000200Cr0.0337Ni0.106Mo0.00697V0.000110Nb0.0000605Co0.128Al0.000208Ti0.000117,1804.2,0.713,0.0112,0.000102,0.0002,0.0337,0.106,0.00697,0.00011,6.05E-05,0.128,0.000208,0.000117,0,0
Fe0.680Mn0.000104Si0.000204Cr0.111Ni0.0680Mo0.0327V0.000112N0.000408Nb0.0000616Co0.106Al0.000636,1373.9,0.68,0,0.000104,0.000204,0.111,0.068,0.0327,0.000112,6.16E-05,0.106,0.000636,0,0.000408,0
Fe0.764C0.000467Mn0.000511Si0.00200Cr0.0831Ni0.117Mo0.0178V0.000110Nb0.0000604Co0.0000952Al0.0131Ti0.00234,1506.8,0.764,0.000467,0.000511,0.002,0.0831,0.117,0.0178,0.00011,6.04E-05,9.52E-05,0.0131,0.00234,0,0
Fe0.713C0.00984Mn0.000102Si0.000200Cr0.0335Ni0.107Mo0.00698V0.000110Nb0.0000606Co0.129Al0.000209Ti0.000118,1792.1,0.713,0.00984,0.000102,0.0002,0.0335,0.107,0.00698,0.00011,6.06E-05,0.129,0.000209,0.000118,0,0
Fe0.711C0.00699Mn0.000102Si0.000199Cr0.0969Ni0.0458Mo0.00875V0.00549Nb0.0000603Co0.123Al0.000622Ti0.000234,1412.5,0.711,0.00699,0.000102,0.000199,0.0969,0.0458,0.00875,0.00549,6.03E-05,0.123,0.000622,0.000234,0,0
Fe0.816C0.000937Mn0.000102Si0.000200Cr0.000108Ni0.147Mo0.00821V0.000110Nb0.0000606Co0.0000955Al0.00250Ti0.0247,1792.2,0.816,0.000937,0.000102,0.0002,0.000108,0.147,0.00821,0.00011,6.06E-05,9.55E-05,0.0025,0.0247,0,0
Fe0.648C0.000453Mn0.0000991Si0.0386Cr0.183Ni0.0195Mo0.000113V0.000107Nb0.0000586Co0.109Al0.000605Ti0.000569,1088.6,0.648,0.000453,9.91E-05,0.0386,0.183,0.0195,0.000113,0.000107,5.86E-05,0.109,0.000605,0.000569,0,0
Fe0.683C0.00749Mn0.000102Si0.000200Cr0.156Ni0.0000958Mo0.0309V0.00453N0.00522Nb0.0000605Co0.112Al0.000834,1646.7,0.683,0.00749,0.000102,0.0002,0.156,9.58E-05,0.0309,0.00453,6.05E-05,0.112,0.000834,0,0.00522,0
Fe0.799C0.000471Mn0.000103Si0.000201Cr0.000109Ni0.165Mo0.0118V0.000111Nb0.0000609Co0.0000960Al0.00147Ti0.0215,1874.6,0.799,0.000471,0.000103,0.000201,0.000109,0.165,0.0118,0.000111,6.09E-05,9.60E-05,0.00147,0.0215,0,0
Fe0.681C0.00744Mn0.000102Si0.000199Cr0.154Ni0.0000952Mo0.0175V0.0106N0.00120Nb0.0000601Co0.126Al0.00104,1240.2,0.681,0.00744,0.000102,0.000199,0.154,9.52E-05,0.0175,0.0106,6.01E-05,0.126,0.00104,0,0.0012,0
Fe0.671C0.00376Mn0.000103Si0.000201Cr0.157Ni0.0000962Mo0.0294V0.00510N0.00282Nb0.0000608Co0.130Al0.000628,1311.4,0.671,0.00376,0.000103,0.000201,0.157,9.62E-05,0.0294,0.0051,6.08E-05,0.13,0.000628,0,0.00282,0
Fe0.780C0.000467Mn0.000510Si0.00200Cr0.0830Ni0.0993Mo0.0179V0.000110Nb0.0000603Co0.0000951Al0.0139Ti0.00234,1475.8,0.78,0.000467,0.00051,0.002,0.083,0.0993,0.0179,0.00011,6.03E-05,9.51E-05,0.0139,0.00234,0,0
Fe0.722C0.00797Mn0.00164Si0.00100Cr0.0322Ni0.0961Mo0.00710V0.000111Nb0.0000606Co0.131Al0.000209,1547.3,0.722,0.00797,0.00164,0.001,0.0322,0.0961,0.0071,0.000111,6.06E-05,0.131,0.000209,0,0,0
Fe0.670C0.00564Mn0.000103Si0.000201Cr0.158Ni0.0000963Mo0.0300V0.00477N0.00121Nb0.0000608Co0.129Al0.000628,1515.8,0.67,0.00564,0.000103,0.000201,0.158,9.63E-05,0.03,0.00477,6.08E-05,0.129,0.000628,0,0.00121,0
Fe0.707C0.000959Mn0.000105Si0.000205Cr0.000111Ni0.182Mo0.0306V0.000113Nb0.0000620Co0.0655Al0.00256Ti0.0107,1088.6,0.707,0.000959,0.000105,0.000205,0.000111,0.182,0.0306,0.000113,6.20E-05,0.0655,0.00256,0.0107,0,0
Fe0.803C0.000470Mn0.000823Si0.000805Cr0.0511Ni0.117Mo0.0184V0.000111Nb0.0000608Co0.0000959Al0.00544Ti0.00224,1212.6,0.803,0.00047,0.000823,0.000805,0.0511,0.117,0.0184,0.000111,6.08E-05,9.59E-05,0.00544,0.00224,0,0
Fe0.765C0.000909Mn0.00109Si0.0618Cr0.000105Ni0.170Mo0.000114V0.000107Nb0.0000587Co0.0000926Al0.000607,1419.4,0.765,0.000909,0.00109,0.0618,0.000105,0.17,0.000114,0.000107,5.87E-05,9.26E-05,0.000607,0,0,0
Fe0.721C0.00191Mn0.000104Si0.000204Cr0.000110Ni0.147Mo0.0299V0.000113Nb0.00123Co0.0856Al0.0106Ti0.00288,1019.7,0.721,0.00191,0.000104,0.000204,0.00011,0.147,0.0299,0.000113,0.00123,0.0856,0.0106,0.00288,0,0
Fe0.664C0.00751Mn0.00575Si0.000201Cr0.157Ni0.0000961Mo0.0301V0.00454N0.00121Nb0.0000607Co0.128Al0.00105,1350.4,0.664,0.00751,0.00575,0.000201,0.157,9.61E-05,0.0301,0.00454,6.07E-05,0.128,0.00105,0,0.00121,0
Fe0.803C0.000460Mn0.000402Si0.0368Cr0.000106Ni0.157Mo0.000115V0.000108Nb0.0000594Co0.0000937Al0.00102Ti0.000923,1188.5,0.803,0.00046,0.000402,0.0368,0.000106,0.157,0.000115,0.000108,5.94E-05,9.37E-05,0.00102,0.000923,0,0
Fe0.702C0.000943Mn0.000103Si0.000202Cr0.000109Ni0.142Mo0.000118V0.000111Nb0.0000609Co0.149Al0.000629Ti0.00509,1144.8,0.702,0.000943,0.000103,0.000202,0.000109,0.142,0.000118,0.000111,6.09E-05,0.149,0.000629,0.00509,0,0
Fe0.686C0.000478Mn0.000104Si0.000204Cr0.000110Ni0.143Mo0.0185V0.000113Nb0.0000618Co0.150Al0.000638Ti0.00144,1267.1,0.686,0.000478,0.000104,0.000204,0.00011,0.143,0.0185,0.000113,6.18E-05,0.15,0.000638,0.00144,0,0
Fe0.773C0.00141Mn0.000512Si0.00220Cr0.0812Ni0.116Mo0.0179V0.000110Nb0.0000606Co0.0000955Al0.00522Ti0.00235,1218.8,0.773,0.00141,0.000512,0.0022,0.0812,0.116,0.0179,0.00011,6.06E-05,9.55E-05,0.00522,0.00235,0,0
Fe0.758C0.00185Mn0.000101Si0.000198Cr0.132Ni0.0780Mo0.0127V0.000109Nb0.0000597Co0.0000942Al0.0167Ti0.000348,1305.4,0.758,0.00185,0.000101,0.000198,0.132,0.078,0.0127,0.000109,5.97E-05,9.42E-05,0.0167,0.000348,0,0
Fe0.763C0.000466Mn0.000509Si0.000398Cr0.114Ni0.101Mo0.0120V0.000110Nb0.0000602Co0.0000949Al0.00746Ti0.000935,1194,0.763,0.000466,0.000509,0.000398,0.114,0.101,0.012,0.00011,6.02E-05,9.49E-05,0.00746,0.000935,0,0
Fe0.670C0.00439Mn0.00704Si0.00563Cr0.138Ni0.0000999Mo0.000122V0.000115N0.00126Nb0.0000631Co0.147W0.0255Al0.000652,1081.1,0.67,0.00439,0.00704,0.00563,0.138,9.99E-05,0.000122,0.000115,6.31E-05,0.147,0.000652,0,0.00126,0.0255
Fe0.784C0.000919Mn0.00100Si0.0397Cr0.000106Ni0.173Mo0.000115V0.000108Nb0.0000594Co0.0000936Al0.000614,1298.8,0.784,0.000919,0.001,0.0397,0.000106,0.173,0.000115,0.000108,5.94E-05,9.36E-05,0.000614,0,0,0
Fe0.818C0.0178Mn0.00194Si0.000200Cr0.0799Ni0.0000958Mo0.0337V0.000662Nb0.0000605Co0.0466Al0.000625,1564,0.818,0.0178,0.00194,0.0002,0.0799,9.58E-05,0.0337,0.000662,6.05E-05,0.0466,0.000625,0,0,0
Fe0.794C0.000470Mn0.000617Si0.00101Cr0.0847Ni0.0981Mo0.0188V0.000111Nb0.0000608Co0.0000958Al0.00126Ti0.00118,1036.9,0.794,0.00047,0.000617,0.00101,0.0847,0.0981,0.0188,0.000111,6.08E-05,9.58E-05,0.00126,0.00118,0,0
Fe0.754C0.00599Mn0.0101Si0.00493Cr0.165Ni0.0396Mo0.0159V0.000109N0.00395Nb0.0000596Co0.0000940Al0.000616,1155,0.754,0.00599,0.0101,0.00493,0.165,0.0396,0.0159,0.000109,5.96E-05,9.40E-05,0.000616,0,0.00395,0
Fe0.656C0.00758Mn0.000104Si0.000203Cr0.156Ni0.0000970Mo0.0424V0.00458N0.00122Nb0.0000613Co0.131Al0.000844,1460.7,0.656,0.00758,0.000104,0.000203,0.156,9.70E-05,0.0424,0.00458,6.13E-05,0.131,0.000844,0,0.00122,0
Fe0.672C0.00564Mn0.000103Si0.000201Cr0.156Ni0.0000962Mo0.0294V0.00454N0.00121Nb0.0000608Co0.129Al0.00105,1322.9,0.672,0.00564,0.000103,0.000201,0.156,9.62E-05,0.0294,0.00454,6.08E-05,0.129,0.00105,0,0.00121,0
Fe0.692C0.00968Mn0.000101Si0.0144Cr0.133Ni0.00887Mo0.0114V0.000109Nb0.000477Co0.130Al0.000616,1369.5,0.692,0.00968,0.000101,0.0144,0.133,0.00887,0.0114,0.000109,0.000477,0.13,0.000616,0,0,0
Fe0.799C0.000936Mn0.000102Si0.000200Cr0.000108Ni0.170Mo0.00375V0.000110Nb0.0000605Co0.0000954Al0.00167Ti0.0238,1730.2,0.799,0.000936,0.000102,0.0002,0.000108,0.17,0.00375,0.00011,6.05E-05,9.54E-05,0.00167,0.0238,0,0
Fe0.768C0.000468Mn0.000512Si0.00180Cr0.0827Ni0.117Mo0.0179V0.000110Nb0.0000605Co0.0000954Al0.00958Ti0.00235,1414.5,0.768,0.000468,0.000512,0.0018,0.0827,0.117,0.0179,0.00011,6.05E-05,9.54E-05,0.00958,0.00235,0,0
Fe0.802Mn0.000410Si0.00120Cr0.0543Ni0.114Mo0.0175V0.000111Nb0.0000607Co0.0000957Al0.00815Ti0.00236,1324.3,0.802,0,0.00041,0.0012,0.0543,0.114,0.0175,0.000111,6.07E-05,9.57E-05,0.00815,0.00236,0,0
Fe0.755C0.00185Mn0.000101Si0.000198Cr0.134Ni0.0794Mo0.0127V0.000109Nb0.0000598Co0.0000942Al0.0158Ti0.000232,1280.2,0.755,0.00185,0.000101,0.000198,0.134,0.0794,0.0127,0.000109,5.98E-05,9.42E-05,0.0158,0.000232,0,0
Fe0.730C0.00414Mn0.0101Si0.00983Cr0.186Ni0.0395Mo0.0158V0.000108N0.00394Nb0.0000594Co0.0000937Al0.000614,1016.4,0.73,0.00414,0.0101,0.00983,0.186,0.0395,0.0158,0.000108,5.94E-05,9.37E-05,0.000614,0,0.00394,0
Fe0.671C0.00189Mn0.00569Si0.00547Cr0.134Ni0.0000969Mo0.0347V0.000112N0.00122Nb0.0000612Co0.145Al0.000632,1287.4,0.671,0.00189,0.00569,0.00547,0.134,9.69E-05,0.0347,0.000112,6.12E-05,0.145,0.000632,0,0.00122,0
Fe0.765Mn0.000713Si0.00199Cr0.112Ni0.0992Mo0.0128V0.000110Nb0.0000603Co0.0000950Al0.00519Ti0.00281,1224.7,0.765,0,0.000713,0.00199,0.112,0.0992,0.0128,0.00011,6.03E-05,9.50E-05,0.00519,0.00281,0,0
Fe0.751C0.00563Mn0.00185Si0.00120Cr0.0218Ni0.0967Mo0.00587V0.000111Nb0.0000606Co0.116Al0.000209,1463.3,0.751,0.00563,0.00185,0.0012,0.0218,0.0967,0.00587,0.000111,6.06E-05,0.116,0.000209,0,0,0
Fe0.787C0.000474Mn0.000207Si0.000203Cr0.000109Ni0.176Mo0.0181V0.000112Nb0.0000612Co0.0000965Al0.00190Ti0.0150,1599.4,0.787,0.000474,0.000207,0.000203,0.000109,0.176,0.0181,0.000112,6.12E-05,9.65E-05,0.0019,0.015,0,0
Fe0.699C0.000478Mn0.000104Si0.000204Cr0.000110Ni0.166Mo0.0287V0.00383Nb0.0000618Co0.0847Al0.00829Ti0.00803,1287.3,0.699,0.000478,0.000104,0.000204,0.00011,0.166,0.0287,0.00383,6.18E-05,0.0847,0.00829,0.00803,0,0
Fe0.674C0.0112Mn0.000102Si0.000199Cr0.0957Ni0.0829Mo0.00874V0.00307Nb0.0000602Co0.123Al0.000622Ti0.000234,1309.1,0.674,0.0112,0.000102,0.000199,0.0957,0.0829,0.00874,0.00307,6.02E-05,0.123,0.000622,0.000234,0,0
Fe0.623C0.00854Mn0.000104Si0.000203Cr0.147Ni0.0000971Mo0.0179V0.00515N0.00163Nb0.0000614Co0.188W0.00729Al0.000845,1123.1,0.623,0.00854,0.000104,0.000203,0.147,9.71E-05,0.0179,0.00515,6.14E-05,0.188,0.000845,0,0.00163,0.00729
Fe0.673C0.000475Mn0.000104Si0.000203Cr0.000110Ni0.180Mo0.0286V0.00482Nb0.0000614Co0.0842Al0.0201Ti0.00858,1288.4,0.673,0.000475,0.000104,0.000203,0.00011,0.18,0.0286,0.00482,6.14E-05,0.0842,0.0201,0.00858,0,0
Fe0.686C0.000469Mn0.000410Si0.000802Cr0.107Ni0.0671Mo0.0161Co0.0767W0.00745Al0.0376,1680.6,0.686,0.000469,0.00041,0.000802,0.107,0.0671,0.0161,0,0,0.0767,0.0376,0,0,0.00745
Fe0.757C0.0186Mn0.00163Si0.000199Cr0.131Ni0.0000953Mo0.0341V0.0105Nb0.0000602Co0.0467Al0.000622,1667.4,0.757,0.0186,0.00163,0.000199,0.131,9.53E-05,0.0341,0.0105,6.02E-05,0.0467,0.000622,0,0,0
Fe0.668C0.00972Mn0.00435Si0.00990Cr0.134Ni0.0112Mo0.0119V0.000109Nb0.0000598Co0.150Al0.000618,1352.2,0.668,0.00972,0.00435,0.0099,0.134,0.0112,0.0119,0.000109,5.98E-05,0.15,0.000618,0,0,0
Fe0.789Mn0.000719Si0.00161Cr0.0814Ni0.101Mo0.0194V0.000111Nb0.0000607Co0.0000957Al0.00439Ti0.00271,1263.6,0.789,0,0.000719,0.00161,0.0814,0.101,0.0194,0.000111,6.07E-05,9.57E-05,0.00439,0.00271,0,0
Fe0.690C0.00785Mn0.000101Si0.0154Cr0.134Ni0.00898Mo0.0115V0.000109Nb0.000477Co0.132Al0.000617,1368.5,0.69,0.00785,0.000101,0.0154,0.134,0.00898,0.0115,0.000109,0.000477,0.132,0.000617,0,0,0
Fe0.674C0.00925Mn0.00516Si0.0101Cr0.135Ni0.00975Mo0.0115V0.000109Nb0.0000598Co0.145Al0.000618,1300.3,0.674,0.00925,0.00516,0.0101,0.135,0.00975,0.0115,0.000109,5.98E-05,0.145,0.000618,0,0,0
Fe0.792C0.000470Mn0.000411Si0.00201Cr0.0862Ni0.0980Mo0.0181V0.000111Nb0.0000607Co0.0000957Al0.00167Ti0.000589,1061.7,0.792,0.00047,0.000411,0.00201,0.0862,0.098,0.0181,0.000111,6.07E-05,9.57E-05,0.00167,0.000589,0,0
Fe0.778C0.000931Mn0.000611Si0.00159Cr0.0796Ni0.0981Mo0.0189V0.000110Nb0.0000602Co0.0000949Al0.0189Ti0.00269,1555.8,0.778,0.000931,0.000611,0.00159,0.0796,0.0981,0.0189,0.00011,6.02E-05,9.49E-05,0.0189,0.00269,0,0
Fe0.655Mn0.000522Si0.00102Cr0.000110Ni0.176Mo0.0215V0.00563Nb0.0000617Co0.117Al0.000425Ti0.0228,2402.3,0.655,0,0.000522,0.00102,0.00011,0.176,0.0215,0.00563,6.17E-05,0.117,0.000425,0.0228,0,0
Fe0.689C0.000476Mn0.000104Si0.000204Cr0.111Ni0.0683Mo0.0327V0.000112Nb0.0000615Co0.0975Al0.000636,1486.2,0.689,0.000476,0.000104,0.000204,0.111,0.0683,0.0327,0.000112,6.15E-05,0.0975,0.000636,0,0,0
Fe0.799C0.000470Mn0.000103Si0.000201Cr0.000108Ni0.167Mo0.00847V0.000111Nb0.0000607Co0.0000957Al0.00167Ti0.0224,1392.4,0.799,0.00047,0.000103,0.000201,0.000108,0.167,0.00847,0.000111,6.07E-05,9.57E-05,0.00167,0.0224,0,0
Fe0.734C0.00750Mn0.000615Si0.000802Cr0.0211Ni0.0974Mo0.00575V0.000111Nb0.0000606Co0.132Al0.000209Ti0.000118,1629.9,0.734,0.0075,0.000615,0.000802,0.0211,0.0974,0.00575,0.000111,6.06E-05,0.132,0.000209,0.000118,0,0
Fe0.822C0.000470Mn0.000616Si0.00161Cr0.0512Ni0.0971Mo0.0184V0.000111Nb0.0000607Co0.0000957Al0.00523Ti0.00271,1172,0.822,0.00047,0.000616,0.00161,0.0512,0.0971,0.0184,0.000111,6.07E-05,9.57E-05,0.00523,0.00271,0,0
Fe0.712C0.0103Mn0.000102Si0.000200Cr0.0336Ni0.108Mo0.00698V0.000110Nb0.0000605Co0.129Al0.000208Ti0.000117,1743.5,0.712,0.0103,0.000102,0.0002,0.0336,0.108,0.00698,0.00011,6.05E-05,0.129,0.000208,0.000117,0,0
Fe0.813C0.0187Mn0.00143Si0.000200Cr0.0800Ni0.0000957Mo0.0337V0.00617Nb0.0000604Co0.0460Al0.000624,1805.2,0.813,0.0187,0.00143,0.0002,0.08,9.57E-05,0.0337,0.00617,6.04E-05,0.046,0.000624,0,0,0
Fe0.779C0.000946Mn0.000103Si0.000202Cr0.000109Ni0.173Mo0.0184V0.0100Nb0.0000611Co0.0000964Al0.00147Ti0.0166,1730.2,0.779,0.000946,0.000103,0.000202,0.000109,0.173,0.0184,0.01,6.11E-05,9.64E-05,0.00147,0.0166,0,0
Fe0.675C0.00705Mn0.000103Si0.000201Cr0.157Ni0.0000962Mo0.0294V0.000111Nb0.0000608Co0.129Al0.00105,1338,0.675,0.00705,0.000103,0.000201,0.157,9.62E-05,0.0294,0.000111,6.08E-05,0.129,0.00105,0,0,0
Fe0.673C0.000908Mn0.0000992Si0.0361Cr0.167Ni0.0372Mo0.000114V0.000107Nb0.0000587Co0.0851Al0.000404Ti0.000569,1143.7,0.673,0.000908,9.92E-05,0.0361,0.167,0.0372,0.000114,0.000107,5.87E-05,0.0851,0.000404,0.000569,0,0
Fe0.740C0.00457Mn0.0300Si0.00586Cr0.179Ni0.0393Mo0.000114V0.000108Nb0.0000591Co0.0000931Al0.000610,1130.4,0.74,0.00457,0.03,0.00586,0.179,0.0393,0.000114,0.000108,5.91E-05,9.31E-05,0.00061,0,0,0
Fe0.751C0.00184Mn0.000101Si0.000197Cr0.133Ni0.0786Mo0.0127V0.000109Nb0.0000596Co0.0000939Al0.0213Ti0.00116,1348.6,0.751,0.00184,0.000101,0.000197,0.133,0.0786,0.0127,0.000109,5.96E-05,9.39E-05,0.0213,0.00116,0,0
Fe0.858C0.0191Mn0.00194Si0.000199Cr0.0753Ni0.0000954Mo0.0341V0.0101Nb0.0000603Co0.000190Al0.000623,1812.1,0.858,0.0191,0.00194,0.000199,0.0753,9.54E-05,0.0341,0.0101,6.03E-05,0.00019,0.000623,0,0,0
Fe0.751C0.00184Mn0.000101Si0.000197Cr0.133Ni0.0783Mo0.0129V0.000109Nb0.0000596Co0.0000939Al0.0220Ti0.000116,1297.5,0.751,0.00184,0.000101,0.000197,0.133,0.0783,0.0129,0.000109,5.96E-05,9.39E-05,0.022,0.000116,0,0
Fe0.735C0.0111Mn0.000101Si0.000198Cr0.0974Ni0.0266Mo0.00754V0.00404Nb0.0000599Co0.117Al0.000619Ti0.000349,1615.8,0.735,0.0111,0.000101,0.000198,0.0974,0.0266,0.00754,0.00404,5.99E-05,0.117,0.000619,0.000349,0,0
Fe0.678C0.000464Mn0.000102Si0.000199Cr0.0873Ni0.114Mo0.000116V0.000110Nb0.0000600Co0.0992Al0.00806Ti0.0129,1768,0.678,0.000464,0.000102,0.000199,0.0873,0.114,0.000116,0.00011,6.00E-05,0.0992,0.00806,0.0129,0,0
Fe0.673C0.000475Mn0.000104Si0.000203Cr0.000110Ni0.144Mo0.0149V0.000112Nb0.0000614Co0.145Al0.000635Ti0.0215,1571.2,0.673,0.000475,0.000104,0.000203,0.00011,0.144,0.0149,0.000112,6.14E-05,0.145,0.000635,0.0215,0,0
Fe0.773C0.000933Mn0.000612Si0.00259Cr0.112Ni0.0945Mo0.0126V0.000110Nb0.0000603Co0.0000950Al0.00187Ti0.00152,1005.9,0.773,0.000933,0.000612,0.00259,0.112,0.0945,0.0126,0.00011,6.03E-05,9.50E-05,0.00187,0.00152,0,0
Fe0.782C0.0181Mn0.00187Si0.000203Cr0.0816Ni0.0000973Mo0.0576V0.0108Nb0.0000615Co0.0476Al0.000635,1577.8,0.782,0.0181,0.00187,0.000203,0.0816,9.73E-05,0.0576,0.0108,6.15E-05,0.0476,0.000635,0,0,0
Fe0.662C0.000477Mn0.000521Si0.00102Cr0.000110Ni0.168Mo0.0236V0.000112Nb0.0000616Co0.119Al0.00488Ti0.0213,2372.4,0.662,0.000477,0.000521,0.00102,0.00011,0.168,0.0236,0.000112,6.16E-05,0.119,0.00488,0.0213,0,0
Fe0.727C0.000476Mn0.000104Si0.000203Cr0.0549Ni0.108Mo0.0304V0.000112Nb0.0000615Co0.0611Al0.00212Ti0.0154,1123.1,0.727,0.000476,0.000104,0.000203,0.0549,0.108,0.0304,0.000112,6.15E-05,0.0611,0.00212,0.0154,0,0
Fe0.800C0.000470Mn0.000616Si0.000602Cr0.0506Ni0.117Mo0.0186V0.000111Nb0.0000607Co0.0000957Al0.00982Ti0.00224,1390.4,0.8,0.00047,0.000616,0.000602,0.0506,0.117,0.0186,0.000111,6.07E-05,9.57E-05,0.00982,0.00224,0,0
Fe0.752C0.00138Mn0.000101Si0.000197Cr0.133Ni0.0781Mo0.0127V0.000109N0.000395Nb0.0000596Co0.0000939Al0.0215Ti0.000578,1276.7,0.752,0.00138,0.000101,0.000197,0.133,0.0781,0.0127,0.000109,5.96E-05,9.39E-05,0.0215,0.000578,0.000395,0
Fe0.806C0.0176Mn0.00181Si0.000209Cr0.0802Ni0.0000999Mo0.00153V0.0124Nb0.0000631Co0.0501W0.0293Al0.000652,1681.2,0.806,0.0176,0.00181,0.000209,0.0802,9.99E-05,0.00153,0.0124,6.31E-05,0.0501,0.000652,0,0,0.0293
Fe0.786C0.000469Mn0.000512Si0.00120Cr0.0576Ni0.124Mo0.0172V0.000110Nb0.0000606Co0.0000955Al0.0106Ti0.00235,1404.2,0.786,0.000469,0.000512,0.0012,0.0576,0.124,0.0172,0.00011,6.06E-05,9.55E-05,0.0106,0.00235,0,0
Fe0.721C0.000476Mn0.000104Si0.000203Cr0.0560Ni0.109Mo0.0304V0.0105Nb0.0000615Co0.0611Al0.00191Ti0.00931,1040.4,0.721,0.000476,0.000104,0.000203,0.056,0.109,0.0304,0.0105,6.15E-05,0.0611,0.00191,0.00931,0,0
Fe0.711C0.0108Mn0.000102Si0.000200Cr0.0336Ni0.108Mo0.00697V0.000110Nb0.0000605Co0.129Al0.000208Ti0.000117,1777.6,0.711,0.0108,0.000102,0.0002,0.0336,0.108,0.00697,0.00011,6.05E-05,0.129,0.000208,0.000117,0,0
Fe0.721C0.000955Mn0.000104Si0.000204Cr0.000110Ni0.146Mo0.0287V0.00293Nb0.0000617Co0.0846Al0.00765Ti0.00850,1164.4,0.721,0.000955,0.000104,0.000204,0.00011,0.146,0.0287,0.00293,6.17E-05,0.0846,0.00765,0.0085,0,0
Fe0.695C0.0106Mn0.000101Si0.0103Cr0.133Ni0.00898Mo0.0114V0.000109Nb0.000478Co0.130Al0.000617,1359.7,0.695,0.0106,0.000101,0.0103,0.133,0.00898,0.0114,0.000109,0.000478,0.13,0.000617,0,0,0
Fe0.688C0.00877Mn0.000101Si0.00987Cr0.134Ni0.00898Mo0.00856V0.000109Nb0.0000597Co0.141Al0.000617,1311.1,0.688,0.00877,0.000101,0.00987,0.134,0.00898,0.00856,0.000109,5.97E-05,0.141,0.000617,0,0,0
Fe0.763Mn0.00102Si0.00814Cr0.109Ni0.0988Mo0.0116V0.000109Nb0.0000600Co0.0000946Al0.00517Ti0.00268,1221.6,0.763,0,0.00102,0.00814,0.109,0.0988,0.0116,0.000109,6.00E-05,9.46E-05,0.00517,0.00268,0,0
Fe0.706C0.0106Mn0.000101Si0.00712Cr0.135Ni0.00899Mo0.0114V0.000109Nb0.000478Co0.120Al0.000617,1302.8,0.706,0.0106,0.000101,0.00712,0.135,0.00899,0.0114,0.000109,0.000478,0.12,0.000617,0,0,0
Fe0.860C0.0125Mn0.00274Si0.000198Cr0.00439Ni0.0786Mo0.00284V0.000765Nb0.0000600Co0.0369Al0.000619,1139.7,0.86,0.0125,0.00274,0.000198,0.00439,0.0786,0.00284,0.000765,6.00E-05,0.0369,0.000619,0,0,0
Fe0.661C0.000475Mn0.000520Si0.00102Cr0.000110Ni0.170Mo0.0247V0.000112Nb0.0000615Co0.111Al0.0131Ti0.0177,2510.3,0.661,0.000475,0.00052,0.00102,0.00011,0.17,0.0247,0.000112,6.15E-05,0.111,0.0131,0.0177,0,0
Fe0.751C0.00184Mn0.000101Si0.000197Cr0.133Ni0.0785Mo0.0128V0.000109Nb0.0000596Co0.0000939Al0.0217Ti0.000578,1344,0.751,0.00184,0.000101,0.000197,0.133,0.0785,0.0128,0.000109,5.96E-05,9.39E-05,0.0217,0.000578,0,0
Fe0.683C0.00925Mn0.000202Si0.00969Cr0.134Ni0.00890Mo0.0114V0.000109Nb0.000120Co0.142Al0.000618,1258.6,0.683,0.00925,0.000202,0.00969,0.134,0.0089,0.0114,0.000109,0.00012,0.142,0.000618,0,0,0
Fe0.699C0.000946Mn0.000103Si0.000202Cr0.000109Ni0.140Mo0.00545V0.000112Nb0.0000612Co0.148Al0.000632Ti0.00487,1212,0.699,0.000946,0.000103,0.000202,0.000109,0.14,0.00545,0.000112,6.12E-05,0.148,0.000632,0.00487,0,0
Fe0.798C0.000469Mn0.000820Si0.00100Cr0.0504Ni0.116Mo0.0184V0.000111Nb0.0000606Co0.0000955Al0.0119Ti0.00235,1390.4,0.798,0.000469,0.00082,0.001,0.0504,0.116,0.0184,0.000111,6.06E-05,9.55E-05,0.0119,0.00235,0,0
Fe0.696C0.00925Mn0.000101Si0.000198Cr0.148Ni0.0107Mo0.00573V0.000109Nb0.000538Co0.129Al0.000617,1376.7,0.696,0.00925,0.000101,0.000198,0.148,0.0107,0.00573,0.000109,0.000538,0.129,0.000617,0,0,0
